username,date,retweets,favorites,text,geo,mentions,hashtags,id,permalink,place,key
Nourredine_69,2016-04-01 00:00:00,0,2,Victoire de @HoudetStephane 6/1 6/1 vs Rick Molier à ITF 1 Series ACSA Gauteng Open RSA Photo Credit: Reg Caldecott pic.twitter.com/radZ3yMdEZ,,@HoudetStephane,,715569417346801667,https://twitter.com/Nourredine_69/status/715569417346801667,caldescott mrt station,caldescott
BrianEmma2,2016-04-01 00:00:00,0,0,Outdoor poolroom in preference to punk at preschool punggol : xPVsxmeWc,,,,715569446228664320,https://twitter.com/BrianEmma2/status/715569446228664320,punggol mrt station,punggol
KianhaoAlways,2016-04-01 00:01:00,0,0,I'm at Blk 93 Bedok North Ave 4 w/ @paranoidkittyz https://www. swarmapp.com/c/6Tcq2dOucFH,,@paranoidkittyz,,715569666631012352,https://twitter.com/KianhaoAlways/status/715569666631012352,bedok mrt station,bedok
VanessaTsao,2016-04-01 00:02:00,0,1,@_xhopeless_ @Resh_R_ come Punggol then we go simei fetch yiting tgt,,@_xhopeless_ @Resh_R_,,715569852182695937,https://twitter.com/VanessaTsao/status/715569852182695937,punggol mrt station,punggol
JASZMlNEFAREED,2016-04-01 00:03:00,0,0,Innisfree is at? — Tampines mall https:// l.ask.fm/igoto/45DKECPW 7B667HQMHN2IG6NM6WEC5NYXRP6ODDVRBTX2B5XUYYWNCII2NUENOQRRKC67SHQFIZVD4WKQRUY7O5MSPLULNAZXWREADFSUCZ3DGNFWD6ETOEXPSSR7JTT3ZS5YGEA73DKTJAMRICUAQTLO4DGHD5UTTTMVJ7DTRCYI4YOZAZOSDA6EYJC372WGTESKIESNXZ4IFVA= …,,,,715570264273240064,https://twitter.com/JASZMlNEFAREED/status/715570264273240064,tampines mrt station,tampines
simei_774,2016-04-01 00:04:00,0,0,史上最年少グラビアモデル!? 10ヶ月美女“すーぱーそに子”デビュー決定♪ http:// supersonico.jp / #nitroplus #sonico @sonico_macaron さんから,,@sonico_macaron,#nitroplus #sonico,715570386428006400,https://twitter.com/simei_774/status/715570386428006400,simei mrt station,simei
_hogang,2016-04-01 00:05:00,0,0,@quriii36 터블은 머 어케 찍어도ㅠㅁㅠ 주혁이는 넘나 뒷모습 뿐이라 아쉽네여ㅠㅁㅠ,,@quriii36,,715570842181066752,https://twitter.com/_hogang/status/715570842181066752,hougang mrt station,hougang
bishan_68,2016-04-01 00:07:00,0,0,سبحان الله والحمد لله والله أكبر http:// sadqh.net /,,,,715571163351621633,https://twitter.com/bishan_68/status/715571163351621633,bishan mrt station,bishan
_hogang,2016-04-01 00:07:00,0,0,@freean_8452 넘나 뒷태미 뿜뿜 뿐이라 속상합니다. 유인님이 올려주신 사진으로 오늘 주혁이 얼굴 제대로 봐써여. 넘나 감사,,@freean_8452,,715571251830329346,https://twitter.com/_hogang/status/715571251830329346,hougang mrt station,hougang
applepand_,2016-04-01 00:08:00,0,0,tomorrow be like go lakeside then go tampines then go jurong then go home WEW good thing i'm still a student.,,,,715571589358563328,https://twitter.com/applepand_/status/715571589358563328,tampines mrt station,tampines
aroundthewould,2016-04-01 00:08:00,0,0,シンガポール gardens by the bay pic.twitter.com/WGlixSUsJt,,,,715571541694492672,https://twitter.com/aroundthewould/status/715571541694492672,gardens by the bay mrt station,gardens by the bay
Irsyaduddin_,2016-04-01 00:08:00,0,1,Shall i walk or ride bicycle to yew tee ?,,,,715571355647758336,https://twitter.com/Irsyaduddin_/status/715571355647758336,yew tee mrt station,yew tee
lordrdx,2016-04-01 00:09:00,0,0,#uthappam #nofilter @Singapore Changi Airport https://www. instagram.com/p/BDn6OsSheHL/,,@Singapore,#uthappam #nofilter,715571767285260291,https://twitter.com/lordrdx/status/715571767285260291,changi airport mrt station,changi airport
DyZanny,2016-04-01 00:09:00,0,0,Just posted a photo @Punggol End https://www. instagram.com/p/BDn6O-kNgU1/,,@Punggol,,715571783995432961,https://twitter.com/DyZanny/status/715571783995432961,punggol mrt station,punggol
sihxi,2016-04-01 00:10:00,0,0,I'm at @ClarkeQuay in Singapore https://www. swarmapp.com/c/1dcuIUjqZqs,,@ClarkeQuay,,715572090750050304,https://twitter.com/sihxi/status/715572090750050304,clarke quay mrt station,clarke quay
muchachitaa_,2016-04-01 00:10:00,0,2,@yulhakim17 ayyy budak represent siglap time debate yg tinggal tampiness tu lagi sem,,@yulhakim17,,715571875603030017,https://twitter.com/muchachitaa_/status/715571875603030017,siglap mrt station,siglap
JavE0904,2016-04-01 00:11:00,0,0,I'm at Sembawang Neighbourhood Police Centre in Singapore https://www. swarmapp.com/c/domccHZX5dy,,,,715572353657344000,https://twitter.com/JavE0904/status/715572353657344000,sembawang mrt station,sembawang
keysiiiiirys_,2016-04-01 00:14:00,1,1,"@kkgnzls @nicoleeesulit PERO SA ISANG "" SIGLAP "" NAWALA ANG LAHAT",,@kkgnzls @nicoleeesulit,,715572991183040512,https://twitter.com/keysiiiiirys_/status/715572991183040512,siglap mrt station,siglap
thomas_168,2016-04-01 00:18:00,0,0,Singapore to beijing #Berangkat .... (at @changiairport ) [pic] — https:// path.com/p/254RLl,,@changiairport,#Berangkat,715573881327591424,https://twitter.com/thomas_168/status/715573881327591424,changi airport mrt station,changi airport
DangerousDairy,2016-04-01 00:18:00,0,0,I'm at Headshot Gaming Club 419 Sembawang Road https://www. swarmapp.com/c/8xNUXwdn36n,,,,715574066468503552,https://twitter.com/DangerousDairy/status/715574066468503552,sembawang mrt station,sembawang
Rishi_Akari,2016-04-01 00:19:00,0,0,@hafiz_cheese far la bang. Hougang one Kopitiam ah.,,@hafiz_cheese,,715574155886735360,https://twitter.com/Rishi_Akari/status/715574155886735360,hougang mrt station,hougang
puffytama,2016-04-01 00:20:00,0,0,i have to fix my laptop but i dont want to travel all the way to kallang help me,,,,715574419314245633,https://twitter.com/puffytama/status/715574419314245633,kallang mrt station,kallang
aloevalra,2016-04-01 00:20:00,0,0,I'm at Blk 235 Choa Chu Kang Central in Singapore https://www. swarmapp.com/c/flJbHTEhJkF,,,,715574585681428481,https://twitter.com/aloevalra/status/715574585681428481,choa chu kang mrt station,choa chu kang
kavichithran,2016-04-01 00:20:00,0,0,@KViikneesh im always in yishun . Bila bila,,@KViikneesh,,715574504194322432,https://twitter.com/kavichithran/status/715574504194322432,yishun mrt station,yishun
feeezahhh,2016-04-01 00:20:00,0,0,Bedok ????? https:// twitter.com/stompsingapore /status/715362125045059584 …,,,,715574563543724035,https://twitter.com/feeezahhh/status/715574563543724035,bedok mrt station,bedok
swytnightmares,2016-04-01 00:21:00,0,0,Prawning again! Featuring my pet prawn~ #noprawnemoji @Hai Bin Prawning @Punggol https://www. instagram.com/p/BDn7oraGwjW/,,@Hai @Punggol,#noprawnemoji,715574859380703232,https://twitter.com/swytnightmares/status/715574859380703232,punggol mrt station,punggol
inyoureyes_1214,2016-04-01 00:22:00,0,0,150109 Singapore Changi Airport . Run manager oppa run #SHINeeManager #매니저오빠 pic.twitter.com/MM7ThkuE6y,,,#SHINeeManager #,715574986488983552,https://twitter.com/inyoureyes_1214/status/715574986488983552,changi airport mrt station,changi airport
katmalicsi,2016-04-01 00:23:00,0,0,Finally. (@Singapore @ChangiAirport (SIN) in Singapore) https://www. swarmapp.com/c/cpothhYoWaS,,@Singapore @ChangiAirport,,715575331831328768,https://twitter.com/katmalicsi/status/715575331831328768,changi airport mrt station,changi airport
thomas_168,2016-04-01 00:24:00,0,0,Singapore to beijing #Berangkat .... (at @changiairport ) [pic] — https:// path.com/p/254RLl http:// fb.me/7jL9moKoZ,,@changiairport,#Berangkat,715575431445884928,https://twitter.com/thomas_168/status/715575431445884928,changi airport mrt station,changi airport
bangtansmom,2016-04-01 00:24:00,0,0,@Bolero_5 /touches u from bedok reservoir/ we shall eat churros(?) again soon,,@Bolero_5,,715575414907736065,https://twitter.com/bangtansmom/status/715575414907736065,bedok mrt station,bedok
Nurraau,2016-04-01 00:29:00,0,2,"Monday prawning + bbq dengan @yayakhairiyah and @safwnh_ kat Yishun , tak sabar! Siapa nak tag along",,@yayakhairiyah @safwnh_,,715576781105811458,https://twitter.com/Nurraau/status/715576781105811458,yishun mrt station,yishun
StaceyLim13,2016-04-01 00:31:00,0,0,Elderly woman killed after taxi hits her in Bedok North carpark as she was collecting cardboard - https:// shar.es/1YKabH via @sharethis,,@sharethis,,715577312624844800,https://twitter.com/StaceyLim13/status/715577312624844800,bedok mrt station,bedok
drbubonic,2016-04-01 00:32:00,0,0,#Rat #News About 20 new rat burrows found in Bukit Batok temple and vacant state land http:// ow.ly/3d2KjG,,,#Rat #News,715577497115627520,https://twitter.com/drbubonic/status/715577497115627520,bukit batok mrt station,bukit batok
heyyfoxxy_,2016-04-01 00:33:00,1,1,"Im missing my ulu punggol . Now, just unnecessary crowds everywhere.",,,,715577717970702338,https://twitter.com/heyyfoxxy_/status/715577717970702338,punggol mrt station,punggol
gulik1401,2016-04-01 00:34:00,0,0,"Earthquake with magnitude > 5: 5.0 Mon Mar 28 08:21:42 CEST 2016122km NNE of Tanahmerah , Indonesia http:// earthquake.usgs.gov/earthquakes/ev entpage/us20005cuq …",,,,715578058292330496,https://twitter.com/gulik1401/status/715578058292330496,tanah merah mrt station,tanah merah
Withluvvs,2016-04-01 00:36:00,0,1,I'm at Blk 444 Pasir Ris Drive 6 Coffee Shop in Singapore w/ @ahxuan1606 https://www. swarmapp.com/c/8XLM8BdyoSe,,@ahxuan1606,,715578514938994689,https://twitter.com/Withluvvs/status/715578514938994689,pasir ris mrt station,pasir ris
xoxoelaineee,2016-04-01 00:36:00,0,0,"@jellyhime At Kuriya Japanese Market Yokocho, at Tampines 1! It just has a faint flowery taste to it, but not bad! :D",,@jellyhime,,715578469485137921,https://twitter.com/xoxoelaineee/status/715578469485137921,tampines mrt station,tampines
Pecandu_Sepi,2016-04-01 00:39:00,4,3,"@KampungSastra ;gundukan tanah merah masih basah, bukan oleh hujan yang curah, tapi dari tetesan air mata gadis bergaun merah #kanusa",,@KampungSastra,#kanusa,715579238548525056,https://twitter.com/Pecandu_Sepi/status/715579238548525056,tanah merah mrt station,tanah merah
Sasha_Iyrah,2016-04-01 00:39:00,0,0,"Cus jn i at jurong. Hehe, where you stay? Since jurong far — OHHHH but i stay hougang SIA https:// l.ask.fm/igoto/45DKECPW 7B667HQMHN2IG6NMZSEC5JI3VPV7NCNYKHV2XYNMYIYNC6KOFRGM2RRWKG27IFAIJJRH6FIN5U36Y3N7NLRP5BJDXAAQDBCPIR3SEK6PA6MD4JHXTT5O5VDVTCUYAVIDZXKE3F4EICDQURLE72IHT74O23OURUDLTKWI2I47GRDX5XPV2BALT47GRM7YYSYZ …",,,,715579306118918144,https://twitter.com/Sasha_Iyrah/status/715579306118918144,hougang mrt station,hougang
ReviveWSG,2016-04-01 00:39:00,0,0,90-mins Meridian Therapy + REVIVE Energy Balancing Cream @$158 Central Clarke Quay 6222 0061 HillV2 6710 7233 pic.twitter.com/TiMEvT892Z,,@,,715579167010467841,https://twitter.com/ReviveWSG/status/715579167010467841,clarke quay mrt station,clarke quay
ReviveWSG,2016-04-01 00:41:00,0,0,"Pink Wellness POWER BOOSTING 2016 FREE ADMISSION! 2-Apr-16, Sat Central Clarke Quay 6222 0061 pic.twitter.com/NOKsmSM8fk",,,,715579661003001857,https://twitter.com/ReviveWSG/status/715579661003001857,clarke quay mrt station,clarke quay
raudhahnafisah,2016-04-01 00:43:00,0,4,Happy Bday to yishun town weeee pic.twitter.com/4mIv0Hog6a,,,,715580285132214272,https://twitter.com/raudhahnafisah/status/715580285132214272,yishun mrt station,yishun
Kykiiz,2016-04-01 00:43:00,0,0,#gardensbythebay #SuperTreeGrove #Singapore @Gardens by the Bay https://www. instagram.com/p/BDn-FqfryE-/,,@Gardens,#gardensbythebay #SuperTreeGrove #Singapore,715580254367125504,https://twitter.com/Kykiiz/status/715580254367125504,gardens by the bay mrt station,gardens by the bay
_asyqin_,2016-04-01 00:44:00,0,0,"@_btrsyvkbr amik aku dari kerja later kt yishun HAHHAHA Joking, i miss you too !!!",,@_btrsyvkbr,,715580473569779712,https://twitter.com/_asyqin_/status/715580473569779712,yishun mrt station,yishun
papina_gendis,2016-04-01 00:45:00,0,0,Night. @Singapore Changi Airport T2 Departure Hall https://www. instagram.com/p/BDn-YuCuv6w/,,@Singapore,,715580907613192192,https://twitter.com/papina_gendis/status/715580907613192192,changi airport mrt station,changi airport
JamesRavinet,2016-04-01 00:45:00,1,1,"Obsolete electrical substation, ecology providing visual mitigation: Bradwell Nuclear Power Station , Essex. pic.twitter.com/H1UsAL1BIH",,,,715580820900212736,https://twitter.com/JamesRavinet/status/715580820900212736,braddell mrt station,braddell station
lmaoliamz,2016-04-01 00:45:00,0,0,And 9.20am at Bedok south tmr :(,,,,715580903120982016,https://twitter.com/lmaoliamz/status/715580903120982016,bedok mrt station,bedok
Irfan_Nobody,2016-04-01 00:46:00,0,0,@iamfathin mak kau peh bishan la sia,,@iamfathin,,715581077428051968,https://twitter.com/Irfan_Nobody/status/715581077428051968,bishan mrt station,bishan
Jaszieyana,2016-04-01 00:47:00,0,0,"But I swear, im nt gonna step into Pasir Ris Clubfitt after 6pm. I will curse n swear...",,,,715581235930595328,https://twitter.com/Jaszieyana/status/715581235930595328,pasir ris mrt station,pasir ris
SapyNEWS,2016-04-01 00:48:00,0,0,About 20 new rat burrows present in Bukit Batok temple and vacant state land http:// sapynews.com/about-20-new-r at-burrows-found-in-bukit-batok-temple-and-vacant-state-land/ …,,,,715581603276140545,https://twitter.com/SapyNEWS/status/715581603276140545,bukit batok mrt station,bukit batok
DaKaChiaSG,2016-04-01 00:49:00,0,0,#supper #spize #simpangbedok @Spize@Bedok https://www. instagram.com/p/BDn-ysCF9bb/,,@Spize @Bedok,#supper #spize #simpangbedok,715581801935278080,https://twitter.com/DaKaChiaSG/status/715581801935278080,bedok mrt station,bedok
melvilleU,2016-04-01 00:49:00,0,1,Hey dolls (@Singapore @ChangiAirport (SIN) in Singapore) https://www. swarmapp.com/c/2LUwkk7ulaK,,@Singapore @ChangiAirport,,715581841806389248,https://twitter.com/melvilleU/status/715581841806389248,changi airport mrt station,changi airport
DaKaChiaSG,2016-04-01 00:50:00,0,0,#supper #spize #simpangbedok #lychee @Spize@Bedok https://www. instagram.com/p/BDn-6eyF9bp/,,@Spize @Bedok,#supper #spize #simpangbedok #lychee,715582069770993664,https://twitter.com/DaKaChiaSG/status/715582069770993664,bedok mrt station,bedok
yuhuiteo,2016-04-01 00:51:00,0,0,I ought to skip work and collect myself even if its at paya lebar,,,,715582375921487872,https://twitter.com/yuhuiteo/status/715582375921487872,paya lebar mrt station,paya lebar
DaKaChiaSG,2016-04-01 00:52:00,0,0,#supper #spize #simpangbedok #wraps #chicken #shawarma #wrap @Spize@Bedok https://www. instagram.com/p/BDn_J-IF9cV/,,@Spize @Bedok,#supper #spize #simpangbedok #wraps #chicken #shawarma #wrap,715582602065874944,https://twitter.com/DaKaChiaSG/status/715582602065874944,bedok mrt station,bedok
perlynnfrr,2016-04-01 00:53:00,0,0,I'm at Blk 75 Toa Payoh Lorong 5 Hawker Centre in Singapore https://www. swarmapp.com/c/eQaVPyLJ9Xe,,,,715582699872919553,https://twitter.com/perlynnfrr/status/715582699872919553,toa payoh mrt station,toa payoh
wongtc89,2016-04-01 00:53:00,0,0,I m flying again :) (@Changi Airport Terminal 3 - @fansofchangi in Singapore) https://www. swarmapp.com/c/7xdLrqnZWQL,,@Changi @fansofchangi,,715582799311454209,https://twitter.com/wongtc89/status/715582799311454209,changi airport mrt station,changi airport
DaKaChiaSG,2016-04-01 00:54:00,0,0,#crispy #chicken #burger #supper #spize #simpangbedok @Spize@Bedok https://www. instagram.com/p/BDn_U_gF9cv/,,@Spize @Bedok,#crispy #chicken #burger #supper #spize #simpangbedok,715582983328161793,https://twitter.com/DaKaChiaSG/status/715582983328161793,bedok mrt station,bedok
Joelicm,2016-04-01 00:54:00,0,0,"I'm at Joe's 屋企 in Sembawang , Singapore https://www. swarmapp.com/c/7GQwYmtz2q8",,,,715582934724526081,https://twitter.com/Joelicm/status/715582934724526081,sembawang mrt station,sembawang
CHYEKE0NG,2016-04-01 00:54:00,0,0,I'm at Blk 75 Toa Payoh Lorong 5 Hawker Centre in Singapore w/ @kittyxling https://www. swarmapp.com/c/e5qAcVQPnaE,,@kittyxling,,715582940864978944,https://twitter.com/CHYEKE0NG/status/715582940864978944,toa payoh mrt station,toa payoh
_LukmanHakimmm,2016-04-01 00:56:00,0,1,@_adri4na_ btw when ya skating at kallang again ?,,@_adri4na_,,715583516881235968,https://twitter.com/_LukmanHakimmm/status/715583516881235968,kallang mrt station,kallang
apikfir93,2016-04-01 00:57:00,0,0,Nasi Lemak famous punya pasal rela p sampai ke Tanah Merah ...! Jauh betol diorang ni berTT.. Salute uolls.!,,,,715583914601910274,https://twitter.com/apikfir93/status/715583914601910274,tanah merah mrt station,tanah merah
4drianaaa,2016-04-01 00:57:00,0,0,@_LukmanHakimmm not sure!!' Been pretty busy w sch Zaki ajak skate Kallang bsk but I can't make it sadly,,@_LukmanHakimmm,,715583883618623488,https://twitter.com/4drianaaa/status/715583883618623488,kallang mrt station,kallang
4drianaaa,2016-04-01 00:58:00,0,0,@_LukmanHakimmm if I skate Kallang agn I tell u okay,,@_LukmanHakimmm,,715583949058101249,https://twitter.com/4drianaaa/status/715583949058101249,kallang mrt station,kallang
DemocraAsia,2016-04-01 01:01:00,0,0,"Sing CNA: At Bukit Panjang , hawkers find a new lease of life http:// ow.ly/3d2OmA",,,,715584816050225152,https://twitter.com/DemocraAsia/status/715584816050225152,bukit panjang mrt station,bukit panjang
Maximus_Tours,2016-04-01 01:01:00,0,2,"Don't miss William Kentridge 's ""Triumphs and Laments"" along the #Tiber in #Rome http:// buff.ly/1TkuJ7O pic.twitter.com/tIiOuly6Qc",,,#Tiber #Rome,715584726925516800,https://twitter.com/Maximus_Tours/status/715584726925516800,kent ridge mrt station,kent ridge
NAZZAYY,2016-04-01 01:02:00,0,0,@Ahmadsuffiyan Ah ah last week dekat tampines changkat. Next week dah start inter con kat CW,,@Ahmadsuffiyan,,715585072380772352,https://twitter.com/NAZZAYY/status/715585072380772352,tampines mrt station,tampines
TCHBirmingham,2016-04-01 01:03:00,2,1,StoryTellers Luncheon on April 14 with #Caldecott award winning author and illustrator Denise Fleming pic.twitter.com/PIi9MhejVv,,,#Caldecott,715585409544273921,https://twitter.com/TCHBirmingham/status/715585409544273921,caldescott mrt station,caldescott
Muzzmothmaker,2016-04-01 01:04:00,0,0,"~ The ""Horseshoe"" building. Location: Outram Park #Singapore #ExploreSG #MonarchSG … https://www. instagram.com/p/BDoAfYsr8wA/",,,#Singapore #ExploreSG #MonarchSG,715585537982115840,https://twitter.com/Muzzmothmaker/status/715585537982115840,outram park mrt station,outram park
iprincipino__,2016-04-01 01:04:00,0,0,I'm at Shell Tampines Ave 2 in Singapore https://www. swarmapp.com/c/j5enW0JHHot,,,,715585657796689920,https://twitter.com/iprincipino__/status/715585657796689920,tampines mrt station,tampines
DarcieFang,2016-04-01 01:05:00,0,0,One Kueh at a Time – Handmade Kuehs in Jalan Besar http:// ift.tt/1UFltNf,,,,715585748590804992,https://twitter.com/DarcieFang/status/715585748590804992,jalan besar mrt station,jalan besar
SGLocalNews,2016-04-01 01:06:00,0,0,About 20 new rat burrows found in Bukit Batok temple and vacant state land http:// fb.me/7KChpv4ud,,,,715585999460499456,https://twitter.com/SGLocalNews/status/715585999460499456,bukit batok mrt station,bukit batok
sglatestnews,2016-04-01 01:06:00,0,0,"#latest #news About 20 new rat burrows found in Bukit Batok temple and vacant state land: April 01,... http:// bit.ly/1RNccyD #singapore",,,#latest #news #singapore,715585972960800768,https://twitter.com/sglatestnews/status/715585972960800768,bukit batok mrt station,bukit batok
dailysingapore,2016-04-01 01:06:00,0,0,[News] About 20 new rat burrows found in Bukit Batok temple and vacant state land http:// bit.ly/1Vb6JUD,,,,715585970502905856,https://twitter.com/dailysingapore/status/715585970502905856,bukit batok mrt station,bukit batok
ChannelNewsAsia,2016-04-01 01:06:00,7,7,Hawkers find new lease of life at Singapore's Bukit Panjang Hawker Centre http:// bit.ly/1SppoY5 pic.twitter.com/h8j7ze7FUP,,,,715586131446738944,https://twitter.com/ChannelNewsAsia/status/715586131446738944,bukit panjang mrt station,bukit panjang
bishan_68,2016-04-01 01:07:00,0,0,اللهم إنك عفو تحب العفو فاعفو عنا http:// sadqh.net /,,,,715586351056437248,https://twitter.com/bishan_68/status/715586351056437248,bishan mrt station,bishan
Gagahandy,2016-04-01 01:08:00,0,0,“Di sebuah tanah yang lapang terdapat segerombolan semut merah yang sedang berbaris rapi dengan...” https:// tmblr.co/ZQA4ch24H4EzL,,,,715586494887542785,https://twitter.com/Gagahandy/status/715586494887542785,tanah merah mrt station,tanah merah
CESReads,2016-04-01 01:09:00,1,9,Celebration for @RAllen2nd & @REdelmon2nd students. All their students read 20 or more Caldecott books. @cescowboys pic.twitter.com/JqBmJS8Fm8,,@RAllen2nd @REdelmon2nd @cescowboys,,715586877403766785,https://twitter.com/CESReads/status/715586877403766785,caldescott mrt station,caldescott
juliaaaang,2016-04-01 01:09:00,0,0,@timtusthescript are the pasir ris kids feeling sad today,,@timtusthescript,,715586821401370624,https://twitter.com/juliaaaang/status/715586821401370624,pasir ris mrt station,pasir ris
sgpressrelease,2016-04-01 01:11:00,0,0,"At Bukit Panjang , hawkers find a new lease of life http:// ift.tt/1MWp01q",,,,715587264076771328,https://twitter.com/sgpressrelease/status/715587264076771328,bukit panjang mrt station,bukit panjang
PinoySG,2016-04-01 01:14:00,0,0,"[CNA] At Bukit Panjang , hawkers find a new lease of life: Hawkers at the new Bukit Panjang Hawker Centre say t... http:// bit.ly/1ZNZdjl",,,,715588039892803586,https://twitter.com/PinoySG/status/715588039892803586,bukit panjang mrt station,bukit panjang
SGLocalNews,2016-04-01 01:14:00,0,0,"At Bukit Panjang , hawkers find a new lease of life http:// fb.me/4GzBKHFnp",,,,715588102350311426,https://twitter.com/SGLocalNews/status/715588102350311426,bukit panjang mrt station,bukit panjang
sg50lover,2016-04-01 01:14:00,0,0,"At Bukit Panjang , hawkers find a new lease of life: Hawkers at the new Bukit Panjang Hawker Centre say they fi... http:// bit.ly/1ZNZgM1",,,,715588067839442945,https://twitter.com/sg50lover/status/715588067839442945,bukit panjang mrt station,bukit panjang
sglatest,2016-04-01 01:14:00,0,0,"At Bukit Panjang , hawkers find a new lease of life: Hawkers at the new Bukit Panjang Hawker Centre say they fi... http:// bit.ly/1ZNZgM1",,,,715588065943683072,https://twitter.com/sglatest/status/715588065943683072,bukit panjang mrt station,bukit panjang
NewsInSG,2016-04-01 01:14:00,0,0,"NewsInSG: At Bukit Panjang , hawkers find a new lease of life: Hawkers at the new Bukit Panjang Hawk... http:// bit.ly/1ZNZgM1 #Singapore",,,#Singapore,715588063561273344,https://twitter.com/NewsInSG/status/715588063561273344,bukit panjang mrt station,bukit panjang
DTNSingapore,2016-04-01 01:14:00,0,0,"DTN Singapore: At Bukit Panjang , hawkers find a new lease of life: Hawkers at the new Bukit Panjang Hawker Cen... http:// bit.ly/1ZNZdQn",,,,715588063288635392,https://twitter.com/DTNSingapore/status/715588063288635392,bukit panjang mrt station,bukit panjang
DTNSingapore,2016-04-01 01:14:00,0,0,"DTN Singapore: At Bukit Panjang , hawkers find a new lease of life: Hawkers at the new Bukit Panjang Hawker Cen... http:// bit.ly/1UvfCd5",,,,715588055076249600,https://twitter.com/DTNSingapore/status/715588055076249600,bukit panjang mrt station,bukit panjang
F_aithNg,2016-04-01 01:14:00,0,0,One Kueh at a Time – Handmade Kuehs in Jalan Besar http:// ift.tt/1UFltNf,,,,715588180959969280,https://twitter.com/F_aithNg/status/715588180959969280,jalan besar mrt station,jalan besar
dailysingapore,2016-04-01 01:14:00,0,0,"[News] At Bukit Panjang , hawkers find a new lease of life http:// bit.ly/1ZNZdjl",,,,715588044682694657,https://twitter.com/dailysingapore/status/715588044682694657,bukit panjang mrt station,bukit panjang
newsSG,2016-04-01 01:16:00,0,0,"CNA | At Bukit Panjang , hawkers find a new lease of life http:// bit.ly/1RNdTvU pic.twitter.com/GJMQVS5Rup",,,,715588546996768768,https://twitter.com/newsSG/status/715588546996768768,bukit panjang mrt station,bukit panjang
sgtastemakers,2016-04-01 01:16:00,0,0,Hawkers at the new Bukit Panjang Hawker Centre say they find it easier to run their businesses with the flexibility given to them to run th…,,,,715588580446507008,https://twitter.com/sgtastemakers/status/715588580446507008,bukit panjang mrt station,bukit panjang
scoo_ps,2016-04-01 01:16:00,0,0,"CNA | At Bukit Panjang , hawkers find a new lease of life http:// bit.ly/1RNdTvU #sgnews pic.twitter.com/dTtWZIQOJZ",,,#sgnews,715588552994598912,https://twitter.com/scoo_ps/status/715588552994598912,bukit panjang mrt station,bukit panjang
scoopsg,2016-04-01 01:16:00,0,0,"CNA | At Bukit Panjang , hawkers find a new lease of life http:// bit.ly/1RNdTvU pic.twitter.com/f6iFe6qNOR",,,,715588547416186880,https://twitter.com/scoopsg/status/715588547416186880,bukit panjang mrt station,bukit panjang
SGnews,2016-04-01 01:16:00,0,1,"[CNA] At Bukit Panjang , hawkers find a new lease of life http:// bit.ly/1UFn1a0 #SGnews",,,#SGnews,715588542504837120,https://twitter.com/SGnews/status/715588542504837120,bukit panjang mrt station,bukit panjang
valorieoyx,2016-04-01 01:17:00,0,0,I'm at SAFRA Yishun Country Club in Singapore https://www. swarmapp.com/c/kEWxnIg3P4I,,,,715588908315185152,https://twitter.com/valorieoyx/status/715588908315185152,yishun mrt station,yishun
Simonho78,2016-04-01 01:19:00,0,0,One Kueh at a Time – Handmade Kuehs in Jalan Besar http:// ift.tt/1UFltNf,,,,715589427779747841,https://twitter.com/Simonho78/status/715589427779747841,jalan besar mrt station,jalan besar
Japaken_augs,2016-04-01 01:19:00,0,0,Pj Party & unprepared booms @Yishun Natura https://www. instagram.com/p/BDoCMBgGHPFN m-esrO9E6PosT3VApXcDyUYBdc0/ …,,@Yishun,,715589279901044737,https://twitter.com/Japaken_augs/status/715589279901044737,yishun mrt station,yishun
AZ_aidilzamri,2016-04-01 01:20:00,0,1,"@Geektarable hahah!! DIAM la , you make me sound so weak,I'm not. it's been so long since I last jog with you at Bedok reservoir man!!",,@Geektarable,,715589627025891328,https://twitter.com/AZ_aidilzamri/status/715589627025891328,bedok mrt station,bedok
ilovemarkee,2016-04-01 01:21:00,0,0,"Who wana pimp my ride? Location: Punggol MRT Station, Singapore @Punggol MRT https://www. instagram.com/p/BDoCdZiqJM1/",,@Punggol,,715589875563520001,https://twitter.com/ilovemarkee/status/715589875563520001,punggol mrt station,punggol
afiqahkhalisah,2016-04-01 01:21:00,0,0,Any food recommendations near tampines Mrt? (Halal of … — Alamak sorry late reply .. Im guessing u won't nee… https:// l.ask.fm/igoto/45DKECPW 7B667HQMHN2IG6NM2OAC5LASRXQOLBVXDOS2J7FI2AT5AJKQFZEM4QBWKG3PWHYAIZXTKFAU34N7A55YPPSKNTBAUYOADFKYCASCGMX5GWID6KPLQSVKBSDZSKQY2H2QZTGX7K4GJSNBWTLK67BSL4ET2LHV77K3QK236UUDLFOUVQHX5FR2P3XGTIUKEOQF7U====== …,,,,715589754927071232,https://twitter.com/afiqahkhalisah/status/715589754927071232,tampines mrt station,tampines
PietroPepo,2016-04-01 01:21:00,0,0,Il tempo passa e anche i piccoli diventano grandi.. #Roma #MunicipioII #Marchini e #Simei pic.twitter.com/F4LZR2JiCH,,,#Roma #MunicipioII #Marchini #Simei,715589960502550528,https://twitter.com/PietroPepo/status/715589960502550528,simei mrt station,simei
singapore_buzz,2016-04-01 01:21:00,0,0,"At Bukit Panjang , hawkers find a new lease of life: Hawkers at the new Bukit Panjang Hawker Centre say they find it… http:// m.tbnn.it/KxDK59",,,,715589756428558336,https://twitter.com/singapore_buzz/status/715589756428558336,bukit panjang mrt station,bukit panjang
Japaken_augs,2016-04-01 01:21:00,0,0,Midnight Madness @Yishun Natura https://www. instagram.com/p/BDoCcPamHP0i Df0u4zGsiAFi_y2M_NqAsKdLVY0/ …,,@Yishun,,715589836871086080,https://twitter.com/Japaken_augs/status/715589836871086080,yishun mrt station,yishun
scoopsg,2016-04-01 01:23:00,1,0,ST | About 20 new rat burrows found in Bukit Batok temple and vacant state land http:// bit.ly/1RNfbav pic.twitter.com/lnSomDZH09,,,,715590284977971201,https://twitter.com/scoopsg/status/715590284977971201,bukit batok mrt station,bukit batok
newsSG,2016-04-01 01:23:00,0,0,ST | About 20 new rat burrows found in Bukit Batok temple and vacant state land http:// bit.ly/1RNfbav pic.twitter.com/AqyecI79Zk,,,,715590276702556160,https://twitter.com/newsSG/status/715590276702556160,bukit batok mrt station,bukit batok
scoo_ps,2016-04-01 01:23:00,1,0,ST | About 20 new rat burrows found in Bukit Batok temple and vacant state land http:// bit.ly/1RNfbav #sgnews pic.twitter.com/Ji49n6gh8X,,,#sgnews,715590274831912960,https://twitter.com/scoo_ps/status/715590274831912960,bukit batok mrt station,bukit batok
deviah,2016-04-01 01:25:00,0,0,"Singapore's Changi Airport , one of the best and biggest in the world, is on track to become even better and even... http:// fb.me/zmU2NRw6",,,,715590815859343360,https://twitter.com/deviah/status/715590815859343360,changi airport mrt station,changi airport
tofugeek,2016-04-01 01:25:00,0,0,I'm at Boon Lay Place Market & Food Centre in Singapore https://www. swarmapp.com/c/2vJOtuwRqAr,,,,715590864068820992,https://twitter.com/tofugeek/status/715590864068820992,boon lay mrt station,boon lay
LHoylerGr3MR,2016-04-01 01:27:00,0,2,7 great Caldecott winners for a Thursday. #nerdcott #teachmillrun #nevertoomanybooks pic.twitter.com/7yBReT6v4K,,,#nerdcott #teachmillrun #nevertoomanybooks,715591249571487744,https://twitter.com/LHoylerGr3MR/status/715591249571487744,caldescott mrt station,caldescott
damien8400,2016-04-01 01:28:00,0,1,@1ionsx ya smell it too in bedok,,@1ionsx,,715591525632057344,https://twitter.com/damien8400/status/715591525632057344,bedok mrt station,bedok
MasudRanafx2,2016-04-01 01:28:00,0,0,ChannelNewsAsia: Hawkers find new lease of life at Singapore's Bukit Panjang Hawker Centre http:// bit.ly/1SppoY5 pic.twitter.com/Qkm9zhEEJI,,,,715591516287287296,https://twitter.com/MasudRanafx2/status/715591516287287296,bukit panjang mrt station,bukit panjang
OkLahPRO,2016-04-01 01:29:00,0,0,@CrystalTBC punggol one?,,@CrystalTBC,,715591978881130496,https://twitter.com/OkLahPRO/status/715591978881130496,punggol mrt station,punggol
chuhaizhou,2016-04-01 01:29:00,0,0,"At Bukit Panjang , hawkers find a new lease of life http:// ift.tt/1MWp01q",,,,715591901454405632,https://twitter.com/chuhaizhou/status/715591901454405632,bukit panjang mrt station,bukit panjang
TypewriterIntl,2016-04-01 01:30:00,0,0,"At Bukit Panjang , hawkers find a new lease of life http:// tinyurl.com/pkz73cg",,,,715592124637425669,https://twitter.com/TypewriterIntl/status/715592124637425669,bukit panjang mrt station,bukit panjang
satie_san,2016-04-01 01:30:00,0,0,#gardensbythebay #singapore @Gardens by the Bay https://www. instagram.com/p/BDoDg_jJXHg/,,@Gardens,#gardensbythebay #singapore,715592200952786946,https://twitter.com/satie_san/status/715592200952786946,gardens by the bay mrt station,gardens by the bay
SGLocalNews,2016-04-01 01:30:00,0,0,About 20 new rat burrows found in Bukit Batok temple and vacant state land localnewssingapore http:// localnewsingapore.com/about-20-new-r at-burrows-found-in-bukit-batok-temple-and-vacant-state-land/ …,,,,715592027048554496,https://twitter.com/SGLocalNews/status/715592027048554496,bukit batok mrt station,bukit batok
dlSingapore,2016-04-01 01:30:00,0,0,"At Bukit Panjang , hawkers find a new lease of life: Hawkers at the new Bukit Panjang Hawker Centre say they fi... http:// bit.ly/1RNgyG1",,,,715592126696783872,https://twitter.com/dlSingapore/status/715592126696783872,bukit panjang mrt station,bukit panjang
iwan2sleep,2016-04-01 01:31:00,0,0,"@stephaniesioa KK once I get used to my car, I'll pick u up from intern to ur home to pay back. Provided u come Serangoon stn first heuehe",,@stephaniesioa,,715592392737337344,https://twitter.com/iwan2sleep/status/715592392737337344,serangoon mrt station,serangoon
JavE0904,2016-04-01 01:31:00,0,0,I'm at Blk 319 Sembawang Close https://www. swarmapp.com/c/k4CrAlG59aN,,,,715592476199952384,https://twitter.com/JavE0904/status/715592476199952384,sembawang mrt station,sembawang
BrianEmma2,2016-04-01 01:33:00,0,0,Outdoor gridiron because kids for preschool punggol : SBiEtcyGo,,,,715592805133889536,https://twitter.com/BrianEmma2/status/715592805133889536,punggol mrt station,punggol
MamatAlwaysmile,2016-04-01 01:36:00,0,0,Miss my hougang house umah besar,,,,715593720821731329,https://twitter.com/MamatAlwaysmile/status/715593720821731329,hougang mrt station,hougang
_SyahSantai,2016-04-01 01:36:00,1,1,@leaveitbe31 Yayayayayayaaayy !! Okary then sat i meet you ok !! Yishun dam uhh hehehehehehhee,,@leaveitbe31,,715593750139895812,https://twitter.com/_SyahSantai/status/715593750139895812,yishun mrt station,yishun
INWARDstreetart,2016-04-01 01:38:00,0,0,Prosegue il lavoro di #Kentridge a #Roma https:// twitter.com/CannavicciSte/ status/715521527366737921 …,,,#Kentridge #Roma,715594245843894272,https://twitter.com/INWARDstreetart/status/715594245843894272,kent ridge mrt station,kent ridge
iprincipino__,2016-04-01 01:39:00,0,0,I'm at Shell Tampines Ave 2 in Singapore https://www. swarmapp.com/xxnsxxri/check in/56fd58b2498e41204ce237df?s=oWx4gry5_3AO2rNAVmN11p_6Px8&ref=tw …,,,,715594262516260864,https://twitter.com/iprincipino__/status/715594262516260864,tampines mrt station,tampines
hazmicurtin_,2016-04-01 01:41:00,1,1,punggol is pretty chill,,,,715594790243446785,https://twitter.com/hazmicurtin_/status/715594790243446785,punggol mrt station,punggol
E_Atraveling,2016-04-01 01:42:00,0,0,Gardens by the Bay pic.twitter.com/ZjkzsoPbKR,,,,715595097627303937,https://twitter.com/E_Atraveling/status/715595097627303937,gardens by the bay mrt station,gardens by the bay
patjienn,2016-04-01 01:42:00,0,0,I'm at Pasir Ris Park in Singapore https://www. swarmapp.com/c/037mTnzAuMK,,,,715595124135354371,https://twitter.com/patjienn/status/715595124135354371,pasir ris mrt station,pasir ris
Edseljcs012,2016-04-01 01:43:00,0,0,Nothing to say at all... #sleepyhead @Choa Chu Kang Ave 4 Singapore https://www. instagram.com/p/BDoE6mGIPTOF 5PD0-5G7OoA2rIvvcr8b8kVsXE0/ …,,@Choa,#sleepyhead,715595268947898369,https://twitter.com/Edseljcs012/status/715595268947898369,choa chu kang mrt station,choa chu kang
getthatball,2016-04-01 01:43:00,0,0,"View of the Singapore skyline from the top of Gardens by the Bay . @IndoChine Rooftop Bar,… https://www. instagram.com/p/BDoE_QwPImN/",,@IndoChine,,715595426213265413,https://twitter.com/getthatball/status/715595426213265413,gardens by the bay mrt station,gardens by the bay
richelle_lorr,2016-04-01 01:44:00,0,0,@Marsiling Secondary School https://www. instagram.com/p/BDoFEmdNQy8i ghevhOyN0_CEn5Ee-9on6g2EVA0/ …,,@Marsiling,,715595610066386948,https://twitter.com/richelle_lorr/status/715595610066386948,marsiling mrt station,marsiling
ackyeeee,2016-04-01 01:49:00,0,0,#gardensbythebay #ocbcskywalk #singapore @Gardens by the Bay https://www. instagram.com/p/BDoFp6Oktr4N tAoMMXIHItytXv3xbwkqxEkmSQ0/ …,,@Gardens,#gardensbythebay #ocbcskywalk #singapore,715596891665379329,https://twitter.com/ackyeeee/status/715596891665379329,gardens by the bay mrt station,gardens by the bay
Aarontcw,2016-04-01 01:49:00,0,1,Why Punggol don't have 24/7 prata shop,,,,715596881900883968,https://twitter.com/Aarontcw/status/715596881900883968,punggol mrt station,punggol
5thJulySon,2016-04-01 01:50:00,0,0,still at sengkang fire station kimak la,,,,715597068312514560,https://twitter.com/5thJulySon/status/715597068312514560,sengkang mrt station,sengkang station
krystalmariko_,2016-04-01 01:54:00,0,0,I'm at Toa Payoh Lorong 8 Market & Food Centre in Singapore https://www. swarmapp.com/c/jWWbhrS2wTQ,,,,715598171397832704,https://twitter.com/krystalmariko_/status/715598171397832704,toa payoh mrt station,toa payoh
_SyahSantai,2016-04-01 01:56:00,0,0,Firasat aku suruh turun yishun skrggggggggg tapi aku stuckkkk dekat jurongggg,,,,715598714409078784,https://twitter.com/_SyahSantai/status/715598714409078784,yishun mrt station,yishun
sagarpathak91,2016-04-01 01:57:00,0,0,"@ShekharGupta Kirti, Bishan & Kejriwal will hold a PC tom. @KirtiAzadMP @IndiaTodayFLASH @aajtak @BishanBedi @TimesNow",,@ShekharGupta @KirtiAzadMP @IndiaTodayFLASH @aajtak @BishanBedi @TimesNow,,715598878142128128,https://twitter.com/sagarpathak91/status/715598878142128128,bishan mrt station,bishan
fatahbunehneh,2016-04-01 01:59:00,0,0,"I'm at Ahbunehneh's House!  in Hougang , Singapore https://www. swarmapp.com/c/21MkOi96pu9",,,,715599394918293504,https://twitter.com/fatahbunehneh/status/715599394918293504,hougang mrt station,hougang
afashola_,2016-04-01 02:00:00,0,0,"A tour inside Singapore's Changi Airport , one of the world's best airports http://www. gq.com/story/inside-w orlds-best-airport-singapore-changi?utm_source=dailywatercooler … via @the_dwc",,@the_dwc,,715599593426198530,https://twitter.com/afashola_/status/715599593426198530,changi airport mrt station,changi airport
perlynnfrr,2016-04-01 02:02:00,0,0,I'm at Toa Payoh Lorong 8 Market & Food Centre in Singapore w/ @krystalmariko_ https://www. swarmapp.com/c/2af32DLxmZU,,@krystalmariko_,,715600232231399424,https://twitter.com/perlynnfrr/status/715600232231399424,toa payoh mrt station,toa payoh
perlynnfrr,2016-04-01 02:03:00,0,0,I'm at Block 1 Toa Payoh Lorong 7 in Singapore https://www. swarmapp.com/c/7RweSY9BfoT,,,,715600374292414464,https://twitter.com/perlynnfrr/status/715600374292414464,toa payoh mrt station,toa payoh
_SyahSantai,2016-04-01 02:04:00,0,0,@leaveitbe31 dok kau gilerr pe. Jurong and yishun jauh siaa,,@leaveitbe31,,715600615892606978,https://twitter.com/_SyahSantai/status/715600615892606978,yishun mrt station,yishun
muhaimeeen,2016-04-01 02:05:00,0,0,Love that guy's voice who always put up a show outside tampines one with his guitar,,,,715601013445505025,https://twitter.com/muhaimeeen/status/715601013445505025,tampines mrt station,tampines
sherynasg,2016-04-01 02:05:00,0,0,Sheryna.sg 3 Room HDB For Rent Near Hougang MRT Blk 413 Hougang Avenue 10 - Singapore http:// bit.ly/1SC4Iyv,,,,715600837045653504,https://twitter.com/sherynasg/status/715600837045653504,hougang mrt station,hougang
sherynasg,2016-04-01 02:05:00,0,0,Sheryna.sg 3 Room HDB For Rent Near Serangoon MRT Blk 209 Serangoon Central - Singapore http:// bit.ly/1SC4IyD,,,,715600837876146176,https://twitter.com/sherynasg/status/715600837876146176,serangoon mrt station,serangoon
sherynasg,2016-04-01 02:05:00,0,0,Sheryna.sg 4 Room HDB For Rent Near Sengkang MRT Blk 194 Rivervale Drive - Singapore http:// bit.ly/1SC4Iie,,,,715600836244574208,https://twitter.com/sherynasg/status/715600836244574208,sengkang mrt station,sengkang mrt
cjdavies98,2016-04-01 02:05:00,0,6,The lunch ladies at Kentridge are actually horrible at their jobs,,,,715600836974346240,https://twitter.com/cjdavies98/status/715600836974346240,kent ridge mrt station,kent ridge
NasriSuhaimi,2016-04-01 02:06:00,0,0,@riddddddy Nak autograph siglap fc nye no. 22 pls,,@riddddddy,,715601055367634945,https://twitter.com/NasriSuhaimi/status/715601055367634945,siglap mrt station,siglap
CHYEKE0NG,2016-04-01 02:08:00,0,0,I'm at Toa Payoh Lorong 8 Market & Food Centre in Singapore https://www. swarmapp.com/c/4cIzFhYY5Gf,,,,715601799139495937,https://twitter.com/CHYEKE0NG/status/715601799139495937,toa payoh mrt station,toa payoh
HeadlineStories,2016-04-01 02:08:00,0,0,News about 20 new rat burrows found in Bukit Batok temple. #News #newsnight #Bukit => http:// goo.gl/uHmHqS pic.twitter.com/0nZNT4qSKj,,,#News #newsnight #Bukit,715601710874537984,https://twitter.com/HeadlineStories/status/715601710874537984,bukit batok mrt station,bukit batok
Ayuiqmil,2016-04-01 02:09:00,0,0,@Aarontcw because punggol sucks,,@Aarontcw,,715601985945219072,https://twitter.com/Ayuiqmil/status/715601985945219072,punggol mrt station,punggol
bishan_68,2016-04-01 02:09:00,0,0,سبحان الله وبحمده سبحان الله العظيم سبحان الله عدد النعم سبحان الله عدد خلقه، ورضى نفسه، وزنة عرشه، ومداد كلماته http:// sadqh.net /,,,,715601881100328964,https://twitter.com/bishan_68/status/715601881100328964,bishan mrt station,bishan
forever_Asmile,2016-04-01 02:10:00,0,0,I'm at Blk 12 Lorong 7 Toa Payoh in Singapore https://www. swarmapp.com/c/8nSdDD8vfvG,,,,715602276883238912,https://twitter.com/forever_Asmile/status/715602276883238912,toa payoh mrt station,toa payoh
JamalMizuki,2016-04-01 02:11:00,0,1,I swear you will never want to eat prata at other places after eating mahmoodiyah's version at simpang bedok . Its just too good,,,,715602472945848320,https://twitter.com/JamalMizuki/status/715602472945848320,bedok mrt station,bedok
NorAzri,2016-04-01 02:15:00,0,0,Home (@Ang Mo Kio Ave 4 Blk 612) https://www. swarmapp.com/c/kDLos6OT37r,,@Ang,,715603535287754752,https://twitter.com/NorAzri/status/715603535287754752,ang mo kio mrt station,ang mo kio
kesa_varthini,2016-04-01 02:16:00,1,1,Off to serangoon gardensssssss,,,,715603756872704000,https://twitter.com/kesa_varthini/status/715603756872704000,serangoon mrt station,serangoon
ierahmz,2016-04-01 02:16:00,1,1,bodo la haris prank aku ckp sesat kt bedok la forest la construction site la and i did fall for his words and nak tolong dia wtf,,,,715603797611905024,https://twitter.com/ierahmz/status/715603797611905024,bedok mrt station,bedok
szxnsam,2016-04-01 02:16:00,0,0,""" rynn haris sesat sia kt forest bedok "" "" dh besar panjang pun sesat "" sorry i cant react seriously",,,,715603700052406272,https://twitter.com/szxnsam/status/715603700052406272,bedok mrt station,bedok
Labour_is_PIE,2016-04-01 02:18:00,0,0,#rochdale #labour About 20 new rat burrows found in Bukit Batok temple and vacant state la... http:// bit.ly/1SC6XBX #manchester #london,,,#rochdale #labour #manchester #london,715604284092456960,https://twitter.com/Labour_is_PIE/status/715604284092456960,bukit batok mrt station,bukit batok
Ronnie_the_Rat,2016-04-01 02:18:00,0,0,#RATS #NEWS #NOW About 20 new rat burrows found in Bukit Batok temple and vacant state land... http:// ln.is/bit.ly/0Ch2Q #pets #pestcontrol,,,#RATS #NEWS #NOW #pets #pestcontrol,715604300131655681,https://twitter.com/Ronnie_the_Rat/status/715604300131655681,bukit batok mrt station,bukit batok
Ronnie_the_Rat,2016-04-01 02:18:00,0,0,#RATS #NEWS #NOW About 20 new rat burrows found in Bukit Batok temple and vacant state lan... http:// ln.is/bit.ly/5nJ4f #middleton #heywood,,,#RATS #NEWS #NOW #middleton #heywood,715604303038296069,https://twitter.com/Ronnie_the_Rat/status/715604303038296069,bukit batok mrt station,bukit batok
Labour_is_PIE,2016-04-01 02:18:00,0,0,#rochdale #labour About 20 new rat burrows found in Bukit Batok temple and vacant state l... http:// bit.ly/1SC6XBX #bank #finance #cash,,,#rochdale #labour #bank #finance #cash,715604282301554688,https://twitter.com/Labour_is_PIE/status/715604282301554688,bukit batok mrt station,bukit batok
Labour_is_PIE,2016-04-01 02:18:00,0,0,@radiox @bbc @itv @6 About 20 new rat burrows found in Bukit Batok temple and vacant state... http:// bit.ly/1SC6XBX @nbc @c4 @c5 @m24nm,,@radiox @bbc @itv @6 @nbc @c4 @c5 @m24nm,,715604285900201984,https://twitter.com/Labour_is_PIE/status/715604285900201984,bukit batok mrt station,bukit batok
HarryChong01,2016-04-01 02:21:00,0,1,"For Sale: 762 Choa Chu Kang North 5 at CHOA CHU KANG NORTH 5 for S$498,000 #5RoomChoaChuKang #CCK5Room #CCKNorth5 http://www. theedgeproperty.com.sg/listing/choa-c hu-kang/hdb/5-room/762-choa-chu-kang-north-5-0#.Vv1qPsCglOY.twitter …",,,#5RoomChoaChuKang #CCK5Room #CCKNorth5 #,715605022386487300,https://twitter.com/HarryChong01/status/715605022386487300,choa chu kang mrt station,choa chu kang
Dara_simei,2016-04-01 02:22:00,0,1,Vei eu sabia que esse ngc de comentar casal ia dar treta,,,,715605196043378689,https://twitter.com/Dara_simei/status/715605196043378689,simei mrt station,simei
scwenjie,2016-04-01 02:24:00,0,0,I'm at Blk 63 Toa Payoh Lorong 5 https://www. swarmapp.com/c/jxleSQP4IgS,,,,715605658956128256,https://twitter.com/scwenjie/status/715605658956128256,toa payoh mrt station,toa payoh
BallUp23_,2016-04-01 02:26:00,1,0,Kent Ridge gmfu,,,,715606226948595712,https://twitter.com/BallUp23_/status/715606226948595712,kent ridge mrt station,kent ridge
AnunicoSINGAPUR,2016-04-01 02:29:00,0,0,#Classifieds GEM Residences at Toa Payoh : Gem Residences at Toa Payoh is the latest development... http:// bit.ly/1VbtHuM #Ads #Singapur,,,#Classifieds #Ads #Singapur,715607012940206080,https://twitter.com/AnunicoSINGAPUR/status/715607012940206080,toa payoh mrt station,toa payoh
goodyfeed,2016-04-01 02:30:00,0,0,10 best makan places in Toa Payoh because it ain't just all about HDB! http:// dld.bz/ew6Wv,,,,715607127868489730,https://twitter.com/goodyfeed/status/715607127868489730,toa payoh mrt station,toa payoh
CebuBooking,2016-04-01 02:30:00,0,0,Park Hotel Clarke Quay A Memorable Family Staycation With Exceptional Hospitality Fr... http:// sparklette.net/travel/park-ho tel-clarke-quay/ … pic.twitter.com/SJKa3lb5nM,,,,715607152858038272,https://twitter.com/CebuBooking/status/715607152858038272,clarke quay mrt station,clarke quay
imaginativecons,2016-04-01 02:31:00,1,0,Beauty Won’t Save the World Alone (essay by Stratford Caldecott ) http:// ow.ly/101jO7,,,,715607491841753090,https://twitter.com/imaginativecons/status/715607491841753090,caldescott mrt station,caldescott
HarryChong01,2016-04-01 02:31:00,0,1,"For Sale: The Wisteria 3BR (From $875,200) at Yishun Ring Road for S$875,200 | #thewisteria #yishunringroadwisteria http://www. theedgeproperty.com.sg/listing/27-sem bawang-yishun/apartment-condo/condominium/wisteria-3br-875200#.Vv1suDTdDE0.twitter …",,,#thewisteria #yishunringroadwisteria #,715607541619642369,https://twitter.com/HarryChong01/status/715607541619642369,yishun mrt station,yishun
_bubblezxc,2016-04-01 02:31:00,0,0,@Tanvi_Singhh yaaaa it's smelly la! Go to woodlands mrt stn there then you'll know,,@Tanvi_Singhh,,715607565728505857,https://twitter.com/_bubblezxc/status/715607565728505857,woodlands mrt station,woodlands mrt
LTAtrafficnews,2016-04-01 02:32:00,0,0,Accident on ECP (towards City) at Bedok South Ave 1 Entrance,,,,715607774915272704,https://twitter.com/LTAtrafficnews/status/715607774915272704,bedok mrt station,bedok
LinaSwift19,2016-04-01 02:34:00,0,1,Supper with my babe + heart to heart talk session was gooooood #Bishan pic.twitter.com/VneSRD6S4M,,,#Bishan,715608242357821441,https://twitter.com/LinaSwift19/status/715608242357821441,bishan mrt station,bishan
avianamae,2016-04-01 02:35:00,0,0,"So i was rushing to Al-Mahboob Restaurant @Tampines cos their food is super good . I was craving for Bone Steak , like seriously craving",,@Tampines,,715608472490876929,https://twitter.com/avianamae/status/715608472490876929,tampines mrt station,tampines
SG_Alerts,2016-04-01 02:35:00,0,0,[Notice] LTA: Accident on ECP (towards City) at Bedok South Ave 1 Entrance #SG_Alerts,,,#SG_Alerts,715608356988145664,https://twitter.com/SG_Alerts/status/715608356988145664,bedok mrt station,bedok
estheryeungx,2016-04-01 02:38:00,0,0,I'm at Punggol Plaza - @punggollatest in Singapore w/ @_junhuii @edmundtjx https://www. swarmapp.com/c/dH4IZWtPRat,,@punggollatest @_junhuii @edmundtjx,,715609183811452928,https://twitter.com/estheryeungx/status/715609183811452928,punggol mrt station,punggol
_nxmxxrxh,2016-04-01 02:39:00,0,0,"Throwback to when dinie, priska and i got lost trying to find our way back to dhoby ghaut",,,,715609444428558336,https://twitter.com/_nxmxxrxh/status/715609444428558336,dhoby ghaut mrt station,dhoby ghaut
airporthotelssg,2016-04-01 02:40:00,0,0,Airport Hotels in Singapore - Changi Airport Hotel check : https://www. youtube.com/watch?v=NUNj7_ w-Qow … ##airportHotelsinSingapore,,,# #airportHotelsinSingapore,715609742408704000,https://twitter.com/airporthotelssg/status/715609742408704000,changi airport mrt station,changi airport
spxmz,2016-04-01 02:43:00,0,0,I'm at Blk 407 Pasir Ris Drive 6 https://www. swarmapp.com/c/0CwFF37fD8p,,,,715610430069207040,https://twitter.com/spxmz/status/715610430069207040,pasir ris mrt station,pasir ris
chindeline,2016-04-01 02:44:00,0,0,... @Tampines Eco Green https://www. instagram.com/p/BDoL7RZlRyj/,,@Tampines,,715610694150782976,https://twitter.com/chindeline/status/715610694150782976,tampines mrt station,tampines
MagnaEmpress,2016-04-01 02:47:00,0,0,Two days left of Dr. Seuss trivia for free tickets! Today's trivia question: Which was the first Seuss book to win a Caldecott Medal?,,,,715611446189621252,https://twitter.com/MagnaEmpress/status/715611446189621252,caldescott mrt station,caldescott
Edgartinoco3,2016-04-01 02:52:00,0,0,Match vs kentridge 3:15 today steel lake!!,,,,715612659966545920,https://twitter.com/Edgartinoco3/status/715612659966545920,kent ridge mrt station,kent ridge
Smilktea,2016-04-01 02:53:00,0,0,Sending @cwenfang (@Changi Airport Terminal 2 - @fansofchangi in Singapore w/ @revenenola ) https://www. swarmapp.com/c/42VSITlrMXM,,@cwenfang @Changi @fansofchangi @revenenola,,715612940875993088,https://twitter.com/Smilktea/status/715612940875993088,changi airport mrt station,changi airport
hondanomala,2016-04-01 02:54:00,1,1,“ @Museo_MAXXI :William Kentridge !l'incontro il 13 aprile> http:// bit.ly/InConversazion eConKentridge … pic.twitter.com/d0KAUu3DA8 ” @silvidorazio,,@Museo_MAXXI @silvidorazio,,715613280128118786,https://twitter.com/hondanomala/status/715613280128118786,kent ridge mrt station,kent ridge
Kittymeowsz,2016-04-01 02:54:00,1,0,I'm at Club CSC @Bukit Batok in Singapore w/ @_sxbrinx https://www. swarmapp.com/c/g2LsUmNAvsd,,@Bukit @_sxbrinx,,715613232254164993,https://twitter.com/Kittymeowsz/status/715613232254164993,bukit batok mrt station,bukit batok
slahaddenalasdi,2016-04-01 02:55:00,0,0,وراء كل عمل عظيم جنود مجهولون اليوم حاولت اليوم أبحث عنهم فوجدت منهم الأخوة Esmel Aljunied اسماعيل الجنيد صاحب... http:// fb.me/27H516jaM,,,,715613503030226944,https://twitter.com/slahaddenalasdi/status/715613503030226944,aljunied mrt station,aljunied
97Afiq,2016-04-01 02:55:00,0,0,tetibe rindu siglap sec,,,,715613529206722560,https://twitter.com/97Afiq/status/715613529206722560,siglap mrt station,siglap
SGLocalNews,2016-04-01 03:00:00,0,0,"At Bukit Panjang , hawkers find a new lease of life localnewssingapore http:// localnewsingapore.com/at-bukit-panja ng-hawkers-find-a-new-lease-of-life/ …",,,,715614660704088064,https://twitter.com/SGLocalNews/status/715614660704088064,bukit panjang mrt station,bukit panjang
97Afiq,2016-04-01 03:04:00,0,0,nk kene patah balik siglap sec ah teachers day,,,,715615885424140289,https://twitter.com/97Afiq/status/715615885424140289,siglap mrt station,siglap
reezxxl,2016-04-01 03:07:00,0,0,"Nk ajak kawan lepak kt woodlands but ingat balik semua kawan tinggal bedok , punggol, ubi & etc",,,,715616613857267712,https://twitter.com/reezxxl/status/715616613857267712,bedok mrt station,bedok
BrianEmma2,2016-04-01 03:08:00,0,0,Outdoor bowling green being kids at preschool punggol : UidjKTJNv,,,,715616838688702464,https://twitter.com/BrianEmma2/status/715616838688702464,punggol mrt station,punggol
bishan_68,2016-04-01 03:09:00,0,0,أعيذك بكلمات الله التامة من كل شيطان وهامة وكل عينِ لامة http:// sadqh.net /,,,,715617039998717952,https://twitter.com/bishan_68/status/715617039998717952,bishan mrt station,bishan
price_scanner,2016-04-01 03:13:00,0,0,Sleep Like a Tiger ( Caldecott Medal - Ho http:// amzn.to/1NoVEei #Sleep #Like #a #Tiger #(Calde pic.twitter.com/n9quoyjoFv,,,#Sleep #Like #a #Tiger #,715617917375803392,https://twitter.com/price_scanner/status/715617917375803392,caldescott mrt station,caldescott
s4ded,2016-04-01 03:13:00,0,0,I'm at Headshot Gaming Club 419 Sembawang Road w/ @dangerousdairy https://www. swarmapp.com/c/3vyL45NITz5,,@dangerousdairy,,715618103267344384,https://twitter.com/s4ded/status/715618103267344384,sembawang mrt station,sembawang
SGLocalNews,2016-04-01 03:15:00,0,0,Worker dies after falling from rooftop of Bedok HDB block localnewssingapore http:// localnewsingapore.com/worker-dies-af ter-falling-from-rooftop-of-bedok-hdb-block/ …,,,,715618432138346498,https://twitter.com/SGLocalNews/status/715618432138346498,bedok mrt station,bedok
MrsMeidenbauer,2016-04-01 03:22:00,3,2,Loved the skit for Enterprise City! So exciting! @MrsLearnalot @FischettiLS @mrs_chapin @LakesideMrT #lakeside1516 pic.twitter.com/MLi7LotFPK,,@MrsLearnalot @FischettiLS @mrs_chapin @LakesideMrT,#lakeside1516,715620184623427584,https://twitter.com/MrsMeidenbauer/status/715620184623427584,lakeside mrt station,lakeside mrt
janarette13,2016-04-01 03:24:00,0,0,I'm at Blk 143 Toa Payoh Lor 1 in Singapore https://www. swarmapp.com/c/fiUhAO225HI,,,,715620805133148160,https://twitter.com/janarette13/status/715620805133148160,toa payoh mrt station,toa payoh
Danielgjax_,2016-04-01 03:31:00,0,0,I'm at Yishun 81 Food Court in Singapore https://www. swarmapp.com/c/fvP1pSZlLUI,,,,715622547988094976,https://twitter.com/Danielgjax_/status/715622547988094976,yishun mrt station,yishun
gladtobeyourdad,2016-04-01 03:36:00,0,0,Your Kid’s Bookshelf Needs These 2016 Caldecott -Winning Books http:// bit.ly/1OX4Fx3,,,,715623699244785666,https://twitter.com/gladtobeyourdad/status/715623699244785666,caldescott mrt station,caldescott
Hzq_Szmnd,2016-04-01 03:43:00,0,0,@riddddddy number 22 siglap mascam serious je,,@riddddddy,,715625516225548289,https://twitter.com/Hzq_Szmnd/status/715625516225548289,siglap mrt station,siglap
spxmz,2016-04-01 03:47:00,0,0,I'm at Blk 417 Pasir Ris Drive 6 in Singapore https://www. swarmapp.com/c/28vmWeZQ2k8,,,,715626634007719936,https://twitter.com/spxmz/status/715626634007719936,pasir ris mrt station,pasir ris
MrMurrayIV,2016-04-01 03:50:00,0,0,@ChangiAirport before I checked into your lounge for the evening I was told there would be a little noise. But this? pic.twitter.com/kWJDUEX9ID,,@ChangiAirport,,715627279183781888,https://twitter.com/MrMurrayIV/status/715627279183781888,changi airport mrt station,changi airport
PhaT_Tastik,2016-04-01 03:55:00,2,12,This month indicates that im going to spend the next 3 years in Yio Chu Kang . #Nyp,,,#Nyp,715628624527773696,https://twitter.com/PhaT_Tastik/status/715628624527773696,yio chu kang mrt station,yio chu kang
haidahyussof,2016-04-01 03:56:00,0,0,& then i drove all the way to hougang with a roach in my car. it could have attacked me while i was driving. im a thug,,,,715628772095959040,https://twitter.com/haidahyussof/status/715628772095959040,hougang mrt station,hougang
khairulsuhaimy,2016-04-01 03:57:00,0,1,@shvyi tmrw ton punggol pe?,,@shvyi,,715629196333027328,https://twitter.com/khairulsuhaimy/status/715629196333027328,punggol mrt station,punggol
toslamisme,2016-04-01 04:05:00,0,0,Hoam nungguin bedok shubuh. Level rk ono kegiatan #aksisepihak pic.twitter.com/7vXYHuf2bw,,,#aksisepihak,715631003880919041,https://twitter.com/toslamisme/status/715631003880919041,bedok mrt station,bedok
sithlorda,2016-04-01 04:07:00,0,0,"@GNightRain @shotobias LULLY DO CÉU, ELE FALOU DE LOBO ADOLESCENTE!!!!!!!!!! MIM SEGURA BISHAN QUE EU VO DAR NA CARA DESSE VIADO",,@GNightRain @shotobias,,715631686759890944,https://twitter.com/sithlorda/status/715631686759890944,bishan mrt station,bishan
EnFeiluvMusic,2016-04-01 04:07:00,0,0,I'm at Enfei's Crib in Tampines https://www. swarmapp.com/c/458a6oc7VsH,,,,715631702656286721,https://twitter.com/EnFeiluvMusic/status/715631702656286721,tampines mrt station,tampines
sherynaSing,2016-04-01 04:08:00,0,0,Sheryna.sg Apartments: 3 Room HDB For Rent Near Hougang MRT Blk 413 Hougang Avenue 10 http:// bit.ly/1UvCo4y,,,,715631973138497536,https://twitter.com/sherynaSing/status/715631973138497536,hougang mrt station,hougang
sherynaSing,2016-04-01 04:08:00,0,0,Sheryna.sg Apartments: 4 Room HDB For Rent Near Sengkang MRT Blk 194 Rivervale Drive http:// bit.ly/1ZOlRbn,,,,715631972433825792,https://twitter.com/sherynaSing/status/715631972433825792,sengkang mrt station,sengkang mrt
sherynaSing,2016-04-01 04:08:00,0,0,Sheryna.sg Apartments: 3 Room HDB For Rent Near Serangoon MRT Blk 209 Serangoon Central http:// bit.ly/1UvCo4z,,,,715631974015086592,https://twitter.com/sherynaSing/status/715631974015086592,serangoon mrt station,serangoon
bishan_68,2016-04-01 04:09:00,0,0,اللهم إني أعوذ بك أن أَضلَّ أو أُضل أو أَزِلّ أو أُزَل أو أَظلِم أو أُظلَم أو أَجهل أو يُجهل علي http:// sadqh.net /,,,,715632049529438209,https://twitter.com/bishan_68/status/715632049529438209,bishan mrt station,bishan
fatahbunehneh,2016-04-01 04:10:00,0,0,"I'm at babland. in hougang , singapore https://www. swarmapp.com/c/iqAD4HKPXtN",,,,715632416866639873,https://twitter.com/fatahbunehneh/status/715632416866639873,hougang mrt station,hougang
JavE0904,2016-04-01 04:13:00,0,0,I'm at Yishun in Singapore https://www. swarmapp.com/c/kuGjA2LMiT0,,,,715633094271827973,https://twitter.com/JavE0904/status/715633094271827973,yishun mrt station,yishun
dabidlim_,2016-04-01 04:13:00,0,0,"sleep lo (@babaland. in hougang , singapore w/ @fatahbunehneh ) https://www. swarmapp.com/c/7tXr144kSqX",,@babaland @fatahbunehneh,,715633259057659905,https://twitter.com/dabidlim_/status/715633259057659905,hougang mrt station,hougang
WombatSLO,2016-04-01 04:13:00,0,0,Agree! @ChangiAirport is the best :-) https:// twitter.com/VanityFair/sta tus/715629779198853120 …,,@ChangiAirport,,715633051963797507,https://twitter.com/WombatSLO/status/715633051963797507,changi airport mrt station,changi airport
stopareep2K17,2016-04-01 04:15:00,0,0,@khairulsuhaimy @shvyi I from tanah merah tho. I'll hyu when I get home.,,@khairulsuhaimy @shvyi,,715633534136754176,https://twitter.com/stopareep2K17/status/715633534136754176,tanah merah mrt station,tanah merah
xsaturdaysboy,2016-04-01 04:29:00,0,0,I'm at Buona Vista in Singapore https://www. swarmapp.com/c/6rv0GhvNUyN,,,,715637165020094464,https://twitter.com/xsaturdaysboy/status/715637165020094464,buona vista mrt station,buona vista
arnabpeacelove,2016-04-01 04:30:00,0,0,Coming soon to Clarke Quay pic.twitter.com/qUNeJ3gBC2,,,,715637427575005185,https://twitter.com/arnabpeacelove/status/715637427575005185,clarke quay mrt station,clarke quay
ChangiAirport,2016-04-01 04:34:00,0,0,@MrMurrayIV We're sorry to hear that. Can we know more info of the lounge you are referring to? -CK,,@MrMurrayIV,,715638537647820800,https://twitter.com/ChangiAirport/status/715638537647820800,changi airport mrt station,changi airport
BrianEmma2,2016-04-01 04:42:00,0,0,Outdoor cricket ground in consideration of punk beside preschool punggol : yFCgYbWuS,,,,715640428024889344,https://twitter.com/BrianEmma2/status/715640428024889344,punggol mrt station,punggol
ces_marquez,2016-04-01 04:44:00,1,10,Caldecott celebrations in the learning commons! Thanks Mrs. Kessel! @CEScowboys @CESReads #cescowboys pic.twitter.com/3i2ZOQADpS,,@CEScowboys @CESReads,#cescowboys,715640817289801728,https://twitter.com/ces_marquez/status/715640817289801728,caldescott mrt station,caldescott
tomoharu0907,2016-04-01 04:44:00,0,0,トランジットホテルで仮眠後、これから成田へ！ (@Singapore Changi Airport (SIN) in Singapore) https://www. swarmapp.com/c/eVCWJHm1Dms,,@Singapore,,715640869433581569,https://twitter.com/tomoharu0907/status/715640869433581569,changi airport mrt station,changi airport
spxmz,2016-04-01 04:45:00,0,0,I'm at Blk 495C Tampines Street 43 in Singapore https://www. swarmapp.com/c/3AlF1OuBSzu,,,,715641128406614016,https://twitter.com/spxmz/status/715641128406614016,tampines mrt station,tampines
bxby420_,2016-04-01 04:49:00,0,0,Jangan tengok orang yg diam diam ni sesuka kau je nak pijak. Aku perati je perangai kau. Ckup lemak kau awal tahun aku bedok .,,,,715642316636094464,https://twitter.com/bxby420_/status/715642316636094464,bedok mrt station,bedok
readitrealgood,2016-04-01 04:52:00,0,3,"I'm enjoying this second wave of Newbery, Caldecott interest and publicity. Looking forward to the speeches in June! :D",,,,715642998365818880,https://twitter.com/readitrealgood/status/715642998365818880,caldescott mrt station,caldescott
charlieisaacs,2016-04-01 04:58:00,0,4,I love using the #Singapore #changi Airport Connected Toilet app powered by @salesforce @servicecloud :) pic.twitter.com/sjSXgdL5uG,,@salesforce @servicecloud,#Singapore #changi,715644531798974464,https://twitter.com/charlieisaacs/status/715644531798974464,changi airport mrt station,changi airport
junnjiee,2016-04-01 04:58:00,0,0,I'm at Changi Airport Terminal 1 - @fansofchangi in Singapore https://www. swarmapp.com/c/co1QDVciIk7,,@fansofchangi,,715644516267593728,https://twitter.com/junnjiee/status/715644516267593728,changi airport mrt station,changi airport
sydneyjustine94,2016-04-01 05:02:00,0,0,Happy spring days #axlthegoldenretriever @The Woodlands of College Station https://www. instagram.com/p/BDobtTZJ6H0/,,@The,#axlthegoldenretriever,715645389995696130,https://twitter.com/sydneyjustine94/status/715645389995696130,woodlands mrt station,woodlands station
dianeleow,2016-04-01 05:03:00,1,0,"Inside @ChangiAirport , often touted best airport in the world. Glowing review by @ablackwell http://www. gq.com/story/inside-w orlds-best-airport-singapore-changi … (via @GQMagazine )",,@ChangiAirport @ablackwell @GQMagazine,,715645802853478400,https://twitter.com/dianeleow/status/715645802853478400,changi airport mrt station,changi airport
LnderGpiga,2016-04-01 05:09:00,0,0,Di makatulog dahil sa mga lamok na punggol . Espur espur nekuur! -.-,,,,715647150646931456,https://twitter.com/LnderGpiga/status/715647150646931456,punggol mrt station,punggol
syuhaidaaaa,2016-04-01 05:09:00,0,0,"Huh (@Kediaman Haji Azmi & Hajjah Siti Maskah in Tanah Merah , Kelantan) https://www. swarmapp.com/c/k2KfJNYMhbp",,@Kediaman,,715647316758294528,https://twitter.com/syuhaidaaaa/status/715647316758294528,tanah merah mrt station,tanah merah
bishan_68,2016-04-01 05:09:00,0,0,سبحان الله وبحمده أستغفر الله وأتوب إليه .. http:// sadqh.net /,,,,715647315697135620,https://twitter.com/bishan_68/status/715647315697135620,bishan mrt station,bishan
emontm,2016-04-01 05:10:00,1,0,"yeay (@Kediaman Haji Azmi & Hajjah Siti Maskah in Tanah Merah , Kelantan w/ @syuhaida_96) https://www. swarmapp.com/c/lq9YBzXE3Tp",,@Kediaman @syuhaida_96,,715647448606240768,https://twitter.com/emontm/status/715647448606240768,tanah merah mrt station,tanah merah
petraPS,2016-04-01 05:23:00,0,0,Alhamdulillah...... (at @changiairport ) — https:// path.com/p/2LIB0j,,@changiairport,,715650734386053120,https://twitter.com/petraPS/status/715650734386053120,changi airport mrt station,changi airport
spxmz,2016-04-01 05:23:00,0,1,I'm at Tampines East Community Club in Singapore https://www. swarmapp.com/c/dMkG9NbjSjg,,,,715650751817719808,https://twitter.com/spxmz/status/715650751817719808,tampines mrt station,tampines
travelsforever,2016-04-01 05:26:00,0,0,Singapore Skyline at Dusk from the Gardens by the Bay http:// goo.gl/FK87J4 pic.twitter.com/XaPiC7NriS,,,,715651477927235584,https://twitter.com/travelsforever/status/715651477927235584,gardens by the bay mrt station,gardens by the bay
anarchyian,2016-04-01 05:30:00,0,2,Staying in what seems to be the equivalent of Pasir Ris in Manchester. Feeling right at home. It's too dark so pictures in the morning :),,,,715652432211025920,https://twitter.com/anarchyian/status/715652432211025920,pasir ris mrt station,pasir ris
Mellissa07099,2016-04-01 05:33:00,0,0,"Spirit of Texas Bank to acquire Woodlands branch: Spirit of Texas Bank, based in College Station , is buying a ... http:// bit.ly/22SUeD6",,,,715653183519916032,https://twitter.com/Mellissa07099/status/715653183519916032,woodlands mrt station,woodlands station
singapore_agent,2016-04-01 05:42:00,0,0,Fun Activities At Singapore Changi Airport Before A Flight #before http:// dragplus.com/post/id/343293 42 …,,,#before,715655475145125890,https://twitter.com/singapore_agent/status/715655475145125890,changi airport mrt station,changi airport
unknownguy95,2016-04-01 05:54:00,0,0,I'm at Pasir Ris in Singapore https://www. swarmapp.com/c/i4Ouc3miaP2,,,,715658537171599365,https://twitter.com/unknownguy95/status/715658537171599365,pasir ris mrt station,pasir ris
Chemist_Sim,2016-04-01 06:01:00,0,0,I'm at James Cook University Ang Mo Kio Campus in Singapore https://www. swarmapp.com/c/0KCyl2tM0Tl,,,,715660198019526657,https://twitter.com/Chemist_Sim/status/715660198019526657,ang mo kio mrt station,ang mo kio
Isabel_lalalala,2016-04-01 06:02:00,0,0,I'm at Punggol Park in Singapore https://www. swarmapp.com/c/1LTme80bLmv,,,,715660515809296384,https://twitter.com/Isabel_lalalala/status/715660515809296384,punggol mrt station,punggol
cicil78,2016-04-01 06:02:00,0,0,I'm at Singapore @ChangiAirport (SIN) in Singapore https://www. swarmapp.com/c/7p5swvrZWk3,,@ChangiAirport,,715660509702397952,https://twitter.com/cicil78/status/715660509702397952,changi airport mrt station,changi airport
amrlmz,2016-04-01 06:03:00,0,0,Yeap goodmorning from bedok camp,,,,715660781556072448,https://twitter.com/amrlmz/status/715660781556072448,bedok mrt station,bedok
unknownguy95,2016-04-01 06:04:00,0,0,So fast (@Bus Stop 65191 (Bef Punggol Rd) - @ltasg in Singapore) https://www. swarmapp.com/c/8cIeKvdxjYe,,@Bus @ltasg,,715661028168765440,https://twitter.com/unknownguy95/status/715661028168765440,punggol mrt station,punggol
unknownguy95,2016-04-01 06:04:00,0,0,I'm at Punggol in Singapore https://www. swarmapp.com/c/gWBmng7mvuj,,,,715660987643334656,https://twitter.com/unknownguy95/status/715660987643334656,punggol mrt station,punggol
sarahlovethese,2016-04-01 06:09:00,0,0,Sister look @jiajiasusanti *off we fly* to Narita! @Singapore Changi Airport Terminal 3… https://www. instagram.com/p/BDojbGeDz1G/,,@jiajiasusanti @Singapore,,715662357092020224,https://twitter.com/sarahlovethese/status/715662357092020224,changi airport mrt station,changi airport
travelsforever,2016-04-01 06:09:00,0,2,Singapore Skyline at Dusk from the Gardens by the Bay http:// goo.gl/FK87J4 pic.twitter.com/0uV0ScwU5A,,,,715662373999230976,https://twitter.com/travelsforever/status/715662373999230976,gardens by the bay mrt station,gardens by the bay
themenscolumn,2016-04-01 06:09:00,1,0,"Spirit of Texas Bank to acquire Woodlands branch: Spirit of Texas Bank, based in College Station , is... http:// bit.ly/1VchYw8 #business",,,#business,715662297415360512,https://twitter.com/themenscolumn/status/715662297415360512,woodlands mrt station,woodlands station
bishan_68,2016-04-01 06:10:00,0,0,اللهم يا مالك الكون إكفنا شر ما يكون قبل ان يكون http:// sadqh.net /,,,,715662541314195456,https://twitter.com/bishan_68/status/715662541314195456,bishan mrt station,bishan
DamnFriendly_WJ,2016-04-01 06:12:00,0,0,I'm at Novena MRT Station (NS20) - @smrt_singapore in Singapore https://www. swarmapp.com/c/hU20O0spklX,,@smrt_singapore,,715663168165519362,https://twitter.com/DamnFriendly_WJ/status/715663168165519362,novena mrt station,novena mrt
DamnFriendly_WJ,2016-04-01 06:13:00,0,0,"On Train Set 319-320 , North South Line to Admiralty [ > Jurong East (4) ]",,,,715663274218369024,https://twitter.com/DamnFriendly_WJ/status/715663274218369024,jurong east mrt station,jurong east
qmmlz,2016-04-01 06:13:00,0,0,bsk lagi kene g kallang wah tkde rest sia,,,,715663256392601600,https://twitter.com/qmmlz/status/715663256392601600,kallang mrt station,kallang
FarahRaiena,2016-04-01 06:15:00,0,0,"Jitqaaaa!!! Yeahuuu (@Tanah merah jitra in Jitra, Kedah) https://www. swarmapp.com/c/8dphTDT26Rh",,@Tanah,,715663829741469696,https://twitter.com/FarahRaiena/status/715663829741469696,tanah merah mrt station,tanah merah
BrianEmma2,2016-04-01 06:16:00,0,0,Outdoor gymnasium in order to kid by preschool punggol : ZRyIMHFCD,,,,715664079709298688,https://twitter.com/BrianEmma2/status/715664079709298688,punggol mrt station,punggol
dragonztoh,2016-04-01 06:22:00,0,0,Good morning (@Yishun MRT Station (NS13) - @smrt_singapore in Singapore) https://www. swarmapp.com/c/k8K7A1tFMPK,,@Yishun @smrt_singapore,,715665660295176192,https://twitter.com/dragonztoh/status/715665660295176192,yishun mrt station,yishun
Hanosaurrr,2016-04-01 06:22:00,0,0,I'm at Blk 163 Bukit Panjang Coffee Shop in Singapore https://www. swarmapp.com/c/hvgVybRuilt,,,,715665591563128832,https://twitter.com/Hanosaurrr/status/715665591563128832,bukit panjang mrt station,bukit panjang
perlynnfrr,2016-04-01 06:26:00,0,0,finally!!! 2hrs of cycling was hell (@Toa Payoh Lorong 7 Block 18 in Singapore) https://www. swarmapp.com/c/jvklwEyt4sR,,@Toa,,715666729171611649,https://twitter.com/perlynnfrr/status/715666729171611649,toa payoh mrt station,toa payoh
unknownguy95,2016-04-01 06:30:00,0,0,I'm at Yishun in Singapore https://www. swarmapp.com/c/4NA0dJb0zPD,,,,715667637477515264,https://twitter.com/unknownguy95/status/715667637477515264,yishun mrt station,yishun
KianhaoAlways,2016-04-01 06:30:00,0,0,I'm at Blk 77 Bedok North Road https://www. swarmapp.com/c/2In51Pfgavc,,,,715667613272162304,https://twitter.com/KianhaoAlways/status/715667613272162304,bedok mrt station,bedok
nomnomenclature,2016-04-01 06:31:00,0,0,Hello Singapore! It's been awhile! (at @changiairport ) — https:// path.com/p/3MbAWn,,@changiairport,,715667970819657728,https://twitter.com/nomnomenclature/status/715667970819657728,changi airport mrt station,changi airport
k2phat,2016-04-01 06:32:00,2,1,@twt_LGBT Gardens by the Bay SG. pic.twitter.com/o4xrr7w1F5,,@twt_LGBT,,715668237019578369,https://twitter.com/k2phat/status/715668237019578369,gardens by the bay mrt station,gardens by the bay
Aamaaliinaa,2016-04-01 06:35:00,0,0,Congestion along NS Line towards Jurong East ugh I do not like to wait,,,,715668837958418433,https://twitter.com/Aamaaliinaa/status/715668837958418433,jurong east mrt station,jurong east
CHYEKE0NG,2016-04-01 06:40:00,0,0,I'm at Blk 231 Lorong 8 Toa Payoh https://www. swarmapp.com/c/bwkNBFRtNoF,,,,715670238558334976,https://twitter.com/CHYEKE0NG/status/715670238558334976,toa payoh mrt station,toa payoh
Adilahtheonee,2016-04-01 06:40:00,0,0,@muhdsyahirul the ghost from Pasir Ris follow you Aiyooooooooo https:// twitter.com/muhdsyahirul/s tatus/715509758820651008 …,,@muhdsyahirul,,715670242043670529,https://twitter.com/Adilahtheonee/status/715670242043670529,pasir ris mrt station,pasir ris
josgoh,2016-04-01 06:43:00,0,0,Conducting Macro Photography workshop for Bedok Green Primary School. Part 1 of 3 — feeling happy at Bedok Green... http:// fb.me/7MRuxQYcS,,,,715670969172365312,https://twitter.com/josgoh/status/715670969172365312,bedok mrt station,bedok
DamnFriendly_WJ,2016-04-01 06:43:00,0,0,Work! (@Admiralty MRT Station (NS10) - @smrt_singapore in Singapore) https://www. swarmapp.com/c/3GhEL9tIQCg,,@Admiralty @smrt_singapore,,715670870006571016,https://twitter.com/DamnFriendly_WJ/status/715670870006571016,admiralty mrt station,admiralty mrt
unknownguy95,2016-04-01 06:45:00,0,0,Not bad. Next time no need walk up alrdy. Still got a lot of time. Haha (@Bus Stop 57059 Opp Sembawang Air Base) https://www. swarmapp.com/c/1QWPS8jghwr,,@Bus,,715671417891733504,https://twitter.com/unknownguy95/status/715671417891733504,sembawang mrt station,sembawang
milajocob,2016-04-01 06:50:00,0,0,"@seriayu12 its at Ambeng Café by Ummi Abdullah , East Village. Near Simpang bedok !",,@seriayu12,,715672662937239552,https://twitter.com/milajocob/status/715672662937239552,bedok mrt station,bedok
yankovaleva5387,2016-04-01 06:50:00,0,0,Young Lions - Tampines Rovers FC - http:// autotips.info/2016/04/01/you ng-lions-tampines-rovers-fc/ … #prognos på sport #vadslagning,,,#prognos #vadslagning,715672680373030912,https://twitter.com/yankovaleva5387/status/715672680373030912,tampines mrt station,tampines
unknownguy95,2016-04-01 06:52:00,0,0,Whew no sweat (@Sembawang Airbase in Singapore) https://www. swarmapp.com/c/hvGFmLN6ILb,,@Sembawang,,715673179839205376,https://twitter.com/unknownguy95/status/715673179839205376,sembawang mrt station,sembawang
paucanlas,2016-04-01 06:54:00,0,0,Back to my pre-New York weight! (4 of 5) (@ActiveSG Bukit Gombak Gym in Singapore) https://www. swarmapp.com/c/hSrOnAzqJIa,,@ActiveSG,,715673540356358144,https://twitter.com/paucanlas/status/715673540356358144,bukit gombak mrt station,bukit gombak
Isaaamuddin,2016-04-01 06:54:00,1,2,Wah the haze at yishun like rabak only,,,,715673697625907200,https://twitter.com/Isaaamuddin/status/715673697625907200,yishun mrt station,yishun
NaddyKK,2016-04-01 06:55:00,0,0,"Sis belanja eye bag sebakul. Morning people @Sembawang Drive,Singapore https://www. instagram.com/p/BDoon1DOUSc/",,@Sembawang,,715673785538584577,https://twitter.com/NaddyKK/status/715673785538584577,sembawang mrt station,sembawang
dlSingapore,2016-04-01 06:56:00,0,0,Singapore's Changai best world airport; three Japanese terminals in top ten: Singapore’s Changi Airport has be... http:// binged.it/1ZODZ50,,,,715674221444145153,https://twitter.com/dlSingapore/status/715674221444145153,changi airport mrt station,changi airport
elmelnikova4459,2016-04-01 06:56:00,0,0,Unge Løver - Tampines Rovers FC - http:// autotips.info/2016/04/01/ung e-lover-tampines-rovers-fc/ … #sport prognose #veddemål #innsats,,,#sport #veddem #innsats,715674252352077825,https://twitter.com/elmelnikova4459/status/715674252352077825,tampines mrt station,tampines
Crisderella,2016-04-01 06:56:00,0,0,Off to Hong Kong!! #Love @Singapore Changi Airport Terminal 3 Departure Hall https://www. instagram.com/p/BDoo0UmCoZE/,,@Singapore,#Love,715674215043743769,https://twitter.com/Crisderella/status/715674215043743769,changi airport mrt station,changi airport
TinaWAgustin2,2016-04-01 06:56:00,0,0,@DA3_PutraKDR aduh mas kacangin mulu udah kacang almond kacang mede kacang merah kacang tanah kacang panjang kacang kulit kacang apa lagi ni,,@DA3_PutraKDR,,715674054842187776,https://twitter.com/TinaWAgustin2/status/715674054842187776,tanah merah mrt station,tanah merah
punggollatest,2016-04-01 06:56:00,0,1,Good morning Punggol . It's FRIDAY. Have a great day ahead.,,,,715674140276101120,https://twitter.com/punggollatest/status/715674140276101120,punggol mrt station,punggol
brxndonloon,2016-04-01 06:58:00,0,0,I'm at Yew Tee Point in Singapore https://www. swarmapp.com/c/0BG5fcP4qlI,,,,715674714555940865,https://twitter.com/brxndonloon/status/715674714555940865,yew tee mrt station,yew tee
dyntsh,2016-04-01 07:00:00,0,0,I'm at Jurong East in Singapore https://www. swarmapp.com/c/9rgCQ5tZfv6,,,,715675110498295809,https://twitter.com/dyntsh/status/715675110498295809,jurong east mrt station,jurong east
izzazulaiqa,2016-04-01 07:01:00,0,0,I'm at Jurong East Temporary Bus Interchange - @sbs_transit in Singapore https://www. swarmapp.com/c/4w3NOuoTmwg,,@sbs_transit,,715675528519401474,https://twitter.com/izzazulaiqa/status/715675528519401474,jurong east mrt station,jurong east
vinegargirl,2016-04-01 07:04:00,0,0,I'm at Singapore @ChangiAirport (SIN) in Singapore https://www. swarmapp.com/c/hW4DcsTB8J0,,@ChangiAirport,,715676200300113922,https://twitter.com/vinegargirl/status/715676200300113922,changi airport mrt station,changi airport
STcom,2016-04-01 07:04:00,1,4,"Traffic update: Heavy Traffic on CTE (towards AYE) at Upper Serangoon Rd Exit, Accident on CTE (towards AYE) at Braddell Rd Exit.",,,,715676129986613250,https://twitter.com/STcom/status/715676129986613250,serangoon mrt station,serangoon
lineellinee,2016-04-01 07:05:00,0,0,At Bus Stop 50038 ( Novena Station ) — https:// path.com/p/2y5MxR,,,,715676470643859456,https://twitter.com/lineellinee/status/715676470643859456,novena mrt station,novena station
TeochewDaily,2016-04-01 07:06:00,0,0,thefoodchapter's photo https:// instagram.com/p/_HJPU4EKEB/ #onyasayang #payalebar,,,#onyasayang #payalebar,715676715603767296,https://twitter.com/TeochewDaily/status/715676715603767296,paya lebar mrt station,paya lebar
BP_Chua,2016-04-01 07:10:00,0,0,#RochorCentre #Rochor #Colours #HDB #blocks #neighbourhood #Singapore #Fisheye #Canon #landscape pic.twitter.com/Es9KkPJQiO,,,#RochorCentre #Rochor #Colours #HDB #blocks #neighbourhood #Singapore #Fisheye #Canon #landscape,715677560164605953,https://twitter.com/BP_Chua/status/715677560164605953,rochor mrt station,rochor
DangerousDairy,2016-04-01 07:10:00,0,1,I'm at Acacia Breeze in ( Yishun New Town) https://www. swarmapp.com/c/fZ7JCpgYVyo,,,,715677628917612544,https://twitter.com/DangerousDairy/status/715677628917612544,yishun mrt station,yishun
bishan_68,2016-04-01 07:11:00,0,0,اللهم اني استغفرك من كل ذنب اذنبته http:// sadqh.net /,,,,715677925153107972,https://twitter.com/bishan_68/status/715677925153107972,bishan mrt station,bishan
haestarr,2016-04-01 07:11:00,0,0,lol MRT to Pasir Ris are you kidding me right now,,,,715677868840226816,https://twitter.com/haestarr/status/715677868840226816,pasir ris mrt station,pasir ris
Rixyboii,2016-04-01 07:12:00,0,0,all youll see is hougang boys my nigga's everywhere.,,,,715678277906468864,https://twitter.com/Rixyboii/status/715678277906468864,hougang mrt station,hougang
urlbvrbie,2016-04-01 07:15:00,0,0,I'm at Boon Lay Bus Interchange in Singapore https://www. swarmapp.com/c/eCPXzb8MuzZ,,,,715678992116936710,https://twitter.com/urlbvrbie/status/715678992116936710,boon lay mrt station,boon lay
medicfrontliner,2016-04-01 07:15:00,0,0,Onboard @SMRT_Singapore trainset 203/204 en-route Bedok via Simei,,@SMRT_Singapore,,715679059808636928,https://twitter.com/medicfrontliner/status/715679059808636928,bedok mrt station,bedok
LTAtrafficnews,2016-04-01 07:15:00,0,0,Accident on PIE (towards Tuas) after Tampines . Avoid lane 1,,,,715679004288651264,https://twitter.com/LTAtrafficnews/status/715679004288651264,tampines mrt station,tampines
madhinasa,2016-04-01 07:15:00,0,0,Bismillahirohmanirokhim... Otw Changi airport go to hongkong,,,,715678982499397632,https://twitter.com/madhinasa/status/715678982499397632,changi airport mrt station,changi airport
GDMFSOTB,2016-04-01 07:16:00,0,0,I'm at Pasir Ris Bus Interchange in Singapore https://www. swarmapp.com/c/bArAzZ4FZUw,,,,715679310359707649,https://twitter.com/GDMFSOTB/status/715679310359707649,pasir ris mrt station,pasir ris
yulhakim17,2016-04-01 07:16:00,0,0,@muchachitaa_ wak doyok takpe jangan wak bomoh. Haha thanks la ye :) budak siglap tinggal tampines tu kirim salam,,@muchachitaa_,,715679182102003713,https://twitter.com/yulhakim17/status/715679182102003713,siglap mrt station,siglap
Valrye_,2016-04-01 07:17:00,0,0,@RawringPikachu i see humans at bedok stadium...,,@RawringPikachu,,715679373030871041,https://twitter.com/Valrye_/status/715679373030871041,bedok mrt station,bedok
GDMFSOTB,2016-04-01 07:17:00,0,0,I'm at Pasir Ris MRT Station (EW1) - @smrt_singapore in Singapore https://www. swarmapp.com/c/bWcHtwBFpRn,,@smrt_singapore,,715679343029198849,https://twitter.com/GDMFSOTB/status/715679343029198849,pasir ris mrt station,pasir ris
Aunt_Abby,2016-04-01 07:19:00,0,1,"@Urs_Buhler or if you prefer a relaxing walk, Gardens by the Bay . Be sure to slap on some sunblock lotion... https:// judith4381.wordpress.com/gallery/garden s-by-the-bay/ …",,@Urs_Buhler,,715679887634214912,https://twitter.com/Aunt_Abby/status/715679887634214912,gardens by the bay mrt station,gardens by the bay
Sumarto59,2016-04-01 07:19:00,0,0,"I'm at Cheers @Tampines Central Community Centre in Tampines , Singapore w/ @mis_lv @hjkamsir https://www. swarmapp.com/c/kyL7MYDbgst",,@Tampines @mis_lv @hjkamsir,,715679903560105985,https://twitter.com/Sumarto59/status/715679903560105985,tampines mrt station,tampines
SG_Alerts,2016-04-01 07:20:00,0,0,[Notice] LTA: Accident on PIE (towards Tuas) after Tampines . Avoid lane 1 #SG_Alerts,,,#SG_Alerts,715680076415635456,https://twitter.com/SG_Alerts/status/715680076415635456,tampines mrt station,tampines
Thekabindren,2016-04-01 07:21:00,0,0,Happy April Fool's Day. 1st-April-2016 #tgif @Yio Chu Kang MRT STN https://www. instagram.com/p/BDorpblqeDmM o-gTHTaWEnkQx5b2VmJ2FNq9jI0/ …,,@Yio,#tgif,715680437650243584,https://twitter.com/Thekabindren/status/715680437650243584,yio chu kang mrt station,yio chu kang
LTAtrafficnews,2016-04-01 07:22:00,0,0,Accident on PIE (towards Tuas) after Tampines with congestion till Tampines . Avoid lane 1,,,,715680602964381696,https://twitter.com/LTAtrafficnews/status/715680602964381696,tampines mrt station,tampines
dragonztoh,2016-04-01 07:25:00,0,0,I'm at Joo Koon MRT Station (EW29) - @smrt_singapore in Singapore https://www. swarmapp.com/c/8emcbPMQbmC,,@smrt_singapore,,715681479930593280,https://twitter.com/dragonztoh/status/715681479930593280,joo koon mrt station,joo koon
SG_Alerts,2016-04-01 07:25:00,0,0,[Notice] LTA: Accident on PIE (towards Tuas) after Tampines with congestion till Tampines . Avoid lane 1 #SG_Alerts,,,#SG_Alerts,715681336464248832,https://twitter.com/SG_Alerts/status/715681336464248832,tampines mrt station,tampines
Blazingroses,2016-04-01 07:27:00,0,0,I'm at HQ 4th CD Division / Bukit Batok Fire Station in Singapore https://www. swarmapp.com/c/3G3bQrXfT1S,,,,715682076486447104,https://twitter.com/Blazingroses/status/715682076486447104,bukit batok mrt station,bukit batok
2Piglety4U,2016-04-01 07:27:00,0,0,Im early (@Ang Mo Kio Secondary School in Singapore) https://www. swarmapp.com/c/kgNXq36tz6c,,@Ang,,715681929195044868,https://twitter.com/2Piglety4U/status/715681929195044868,ang mo kio mrt station,ang mo kio
renonation_sg,2016-04-01 07:30:00,0,0,Modern Design for Condominium @Punggol Walk http://www. renonation.sg/project/twin-w aterfalls-2/ … Designed by Ace... http:// fb.me/2yqrs4Ql5,,@Punggol,,715682597989273602,https://twitter.com/renonation_sg/status/715682597989273602,punggol mrt station,punggol
samchiang70,2016-04-01 07:30:00,0,0,"Helped nearby drivers by reporting a stand still traffic jam on Bedok North Rd, Bedok on @waze - Drive Social. https:// goo.gl/cVkolv",,@waze,,715682628339437568,https://twitter.com/samchiang70/status/715682628339437568,bedok mrt station,bedok
SinisterSoul_,2016-04-01 07:31:00,0,0,I'm at Yew Tee MRT Station (NS5) - @smrt_singapore in Singapore https://www. swarmapp.com/c/iYXhXmGh7uZ,,@smrt_singapore,,715683033366528000,https://twitter.com/SinisterSoul_/status/715683033366528000,yew tee mrt station,yew tee
Chemist_Sim,2016-04-01 07:34:00,0,0,I'm at Pick-up/Drop-off Point @Jurong East https://www. swarmapp.com/c/eQuUlqDpdL4,,@Jurong,,715683738731077632,https://twitter.com/Chemist_Sim/status/715683738731077632,jurong east mrt station,jurong east
ChyeengNg,2016-04-01 07:38:00,0,0,Last also HAHAH (@Bedok Stadium in Singapore) https://www. swarmapp.com/c/74NdUdpdZAy,,@Bedok,,715684630956023808,https://twitter.com/ChyeengNg/status/715684630956023808,bedok mrt station,bedok
petitejo_,2016-04-01 07:40:00,0,0,I'm at Blk 325 Ang Mo Kio https://www. swarmapp.com/c/d1600gMYAfM,,,,715685209937682432,https://twitter.com/petitejo_/status/715685209937682432,ang mo kio mrt station,ang mo kio
petitejo_,2016-04-01 07:40:00,0,0,I'm at Fountain @Ang Mo Kio https://www. swarmapp.com/c/k7GxcBIovrs,,@Ang,,715685262727200768,https://twitter.com/petitejo_/status/715685262727200768,ang mo kio mrt station,ang mo kio
scwenjie,2016-04-01 07:43:00,0,0,I'm at HQ 4th CD Division / Bukit Batok Fire Station in Singapore https://www. swarmapp.com/c/d1saVAczTiI,,,,715686088430460929,https://twitter.com/scwenjie/status/715686088430460929,bukit batok mrt station,bukit batok
Oui_Mona,2016-04-01 07:43:00,0,0,CMI CMI CMI Have yet to exit tampines and the fare is already $12??????,,,,715685921497042944,https://twitter.com/Oui_Mona/status/715685921497042944,tampines mrt station,tampines
TylerAllan02,2016-04-01 07:44:00,0,2,"Short stop over in Singapore on the way to Putrajaya, Malaysia ready for the 70.3. Evening out at Clarke Quay ... http:// fb.me/2n8wzaZmC",,,,715686224116080640,https://twitter.com/TylerAllan02/status/715686224116080640,clarke quay mrt station,clarke quay
GDMFSOTB,2016-04-01 07:46:00,0,0,I'm at Tampines HQ 2nd CD Fire Station https://www. swarmapp.com/c/88NDQ0NR3rQ,,,,715686634180751360,https://twitter.com/GDMFSOTB/status/715686634180751360,tampines mrt station,tampines
shahabhis,2016-04-01 07:47:00,0,0,Morning rush at Pasir Ris - wonder what's wrong @SMRT_Singapore pic.twitter.com/nXxqDJ108x,,@SMRT_Singapore,,715686982463016960,https://twitter.com/shahabhis/status/715686982463016960,pasir ris mrt station,pasir ris
Cocinero_1228,2016-04-01 07:48:00,0,0,Hello sunrise!!! #mtfaber #sunrise #Sun #life #dayoff @Telok Blangah Heights https://www. instagram.com/p/BDouuNlQrnF/,,@Telok,#mtfaber #sunrise #Sun #life #dayoff,715687209341296640,https://twitter.com/Cocinero_1228/status/715687209341296640,telok blangah mrt station,telok blangah
kristyulia,2016-04-01 07:49:00,0,0,Bye singapura (at @changiairport ) — https:// path.com/p/2sWdMm,,@changiairport,,715687550174691328,https://twitter.com/kristyulia/status/715687550174691328,changi airport mrt station,changi airport
FirliSani,2016-04-01 07:51:00,0,0,I miss watching TKBand playing this song on the field. The old Kallang Stadium field. pic.twitter.com/9lmFGTwAk5,,,,715688104980418560,https://twitter.com/FirliSani/status/715688104980418560,kallang mrt station,kallang
BrianEmma2,2016-04-01 07:51:00,0,0,Outdoor stretch remedial of kids to preschool punggol : ABcZTeTPc,,,,715688017265102854,https://twitter.com/BrianEmma2/status/715688017265102854,punggol mrt station,punggol
Ching__Fu,2016-04-01 07:54:00,0,1,I'm at Woodlands Fire Station https://www. swarmapp.com/c/cZ63LYrD8h0,,,,715688690559950848,https://twitter.com/Ching__Fu/status/715688690559950848,woodlands mrt station,woodlands station
rafyfook,2016-04-01 07:57:00,0,0,Waiting for big bro and off to bedok,,,,715689443181461509,https://twitter.com/rafyfook/status/715689443181461509,bedok mrt station,bedok
LHoylerGr3MR,2016-04-01 07:59:00,0,0,"Yes it earned the Caldecott honor award, but this is NOT a book for kids!!! Yikes! #nerdcott pic.twitter.com/cK2o8JFUmh",,,#nerdcott,715689894115483648,https://twitter.com/LHoylerGr3MR/status/715689894115483648,caldescott mrt station,caldescott
